TEAM ID,TIME STAMPING,PACKET COUNT,ALTITUDE,PRESSURE,TEMP,VOLTAGE,GNSS TIME,GNSS LATITUDE,GNSS LONGITUDE,GNSS ALTITUDE,GNSS SATS,ACCELEROMETER DATA,GYRO SPIN RATE,FLIGHT SOFTWARE STATE,ANY OPTIONAL DATA
2026 IN-SPACe-PVC,0.26,0,0.0315798,101325,25,7.4,0,0,0,0.0215861,8,0,0,TEST_MODE,Grounded
2026 IN-SPACe-PVC,0.52,1,0.0280663,101325,25,7.4,0,0,0,0.000943154,8,0,0,TEST_MODE,Grounded
2026 IN-SPACe-PVC,0.78,2,0.0827156,101325,25,7.4,0,0,0,0.0524013,8,0,0,TEST_MODE,Grounded
2026 IN-SPACe-PVC,1.04,3,-0.0670131,101325,25,7.4,0,0,0,-0.0151659,8,0,0,TEST_MODE,Grounded
2026 IN-SPACe-PVC,1.3,4,-0.04509,101325,25,7.4,0,0,0,-0.0222153,8,0,0,TEST_MODE,Grounded
2026 IN-SPACe-PVC,1.56,5,-0.0638439,101325,25,7.4,0,0,0,-0.0535807,8,0,0,TEST_MODE,Grounded
2026 IN-SPACe-PVC,1.82,6,0.0223282,101325,25,7.4,0,0,0,0.017938,8,0,0,TEST_MODE,Grounded
2026 IN-SPACe-PVC,2.08,7,0.00891915,101325,25,7.4,0,0,0,-0.0289651,8,0,0,TEST_MODE,Grounded
2026 IN-SPACe-PVC,2.34,8,0.0386966,101325,25,7.4,0,0,0,0.0019867,8,0,0,TEST_MODE,Grounded
2026 IN-SPACe-PVC,2.6,9,0.00320031,101325,25,7.4,0,0,0,-0.0467646,8,0,0,TEST_MODE,Grounded
2026 IN-SPACe-PVC,2.86,10,-0.00871712,101325,25,7.4,0,0,0,-0.0520031,8,0,0,TEST_MODE,Grounded
2026 IN-SPACe-PVC,3.12,11,-0.00657399,101325,25,7.4,0,0,0,0.038187,8,0,0,Prelaunch_Check,Grounded
2026 IN-SPACe-PVC,3.38,12,0.0640764,101325,25,7.4,0,0,0,0.0468231,8,0,0,Prelaunch_Check,Grounded
2026 IN-SPACe-PVC,3.64,13,-0.0082921,101325,25,7.4,0,0,0,0.000434106,8,0,0,Prelaunch_Check,Grounded
2026 IN-SPACe-PVC,3.9,14,-0.0236497,101325,25,7.4,0,0,0,-0.067257,8,0,0,Prelaunch_Check,Grounded
2026 IN-SPACe-PVC,4.16,15,-0.00141647,101325,25,7.4,0,0,0,-0.0591996,8,0,0,Prelaunch_Check,Grounded
2026 IN-SPACe-PVC,4.42,16,0.0271821,101325,25,7.4,0,0,0,-0.0177418,8,0,0,Prelaunch_Check,Grounded
2026 IN-SPACe-PVC,4.68,17,-0.00742318,101325,25,7.4,0,0,0,0.0719965,8,0,0,Prelaunch_Check,Grounded
2026 IN-SPACe-PVC,4.94,18,0.0573136,101325,25,7.4,0,0,0,0.0615013,8,0,0,Prelaunch_Check,Grounded
2026 IN-SPACe-PVC,5.2,19,0.0337457,101325,25,7.4,0,0,0,-0.00461117,8,0,0,Prelaunch_Check,Grounded
2026 IN-SPACe-PVC,5.46,20,-0.0494928,101325,25,7.4,0,0,0,-0.0189981,8,0,0,Prelaunch_Check,Grounded
2026 IN-SPACe-PVC,5.72,21,-0.00791869,101325,25,7.4,0,0,0,-0.00840021,8,0,0,Prelaunch_Check,Grounded
2026 IN-SPACe-PVC,5.98,22,0.0370053,101325,25,7.4,0,0,0,-0.0212094,8,0,0,Prelaunch_Check,Grounded
2026 IN-SPACe-PVC,6.24,23,-0.00798567,101325,25,7.4,0,0,0,0.0369317,8,0,0,Prelaunch_Check,Grounded
2026 IN-SPACe-PVC,6.49999,24,-0.0774088,101325,25,7.4,0,0,0,-0.08166,8,0,0,Prelaunch_Check,Grounded
2026 IN-SPACe-PVC,6.75999,25,0.0317777,101325,25,7.4,0,0,0,0.072153,8,0,0,Prelaunch_Check,Grounded
2026 IN-SPACe-PVC,7.01999,26,-0.0479892,101325,25,7.4,0,0,0,-0.068689,8,0,0,Prelaunch_Check,Grounded
2026 IN-SPACe-PVC,7.27999,27,-0.0169813,101325,25,7.4,0,0,0,-0.0176627,8,0,0,Launch_Pad,Grounded
2026 IN-SPACe-PVC,7.53999,28,-0.0187459,101325,25,7.4,0,0,0,-0.0206162,8,0,0,Launch_Pad,Grounded
2026 IN-SPACe-PVC,7.79999,29,0.0515614,101325,25,7.4,0,0,0,0.00194591,8,0,0,Launch_Pad,Grounded
2026 IN-SPACe-PVC,8.05999,30,-0.0560586,101325,25,7.4,0,0,0,-0.00111023,8,0,0,Launch_Pad,Grounded
2026 IN-SPACe-PVC,8.32,31,0.060672,101325,25,7.4,0,0,0,0.0373259,8,0,0,Launch_Pad,Grounded
2026 IN-SPACe-PVC,8.58001,32,-0.0396024,101325,25,7.4,0,0,0,0.000347879,8,0,0,Launch_Pad,Grounded
2026 IN-SPACe-PVC,8.84001,33,0.0312063,101325,25,7.4,0,0,0,-0.0114666,8,0,0,Launch_Pad,Grounded
2026 IN-SPACe-PVC,9.10002,34,-0.00964472,101325,25,7.4,0,0,0,-0.00896497,8,0,0,Launch_Pad,Grounded
2026 IN-SPACe-PVC,9.36002,35,0.0317363,101325,25,7.4,0,0,0,0.067545,8,0,0,Launch_Pad,Grounded
2026 IN-SPACe-PVC,9.62003,36,-0.0605223,101325,25,7.4,0,0,0,-0.0175291,8,0,0,Launch_Pad,Grounded
2026 IN-SPACe-PVC,9.88004,37,-0.0525367,101325,25,7.4,0,0,0,-0.0584819,8,0,0,Launch_Pad,Grounded
2026 IN-SPACe-PVC,10.14,38,0.0536134,101325,25,7.4,0,0,0,0.0129617,8,0,0,Launch_Pad,Grounded
2026 IN-SPACe-PVC,10.4,39,-0.0191459,101325,25,7.4,0,0,0,0.0315195,8,0,0,Launch_Pad,Grounded
2026 IN-SPACe-PVC,10.6601,40,-0.0217209,101325,25,7.4,0,0,0,-0.0322586,8,0,0,Launch_Pad,Grounded
2026 IN-SPACe-PVC,10.9201,41,0.0609934,101325,25,7.4,0,0,0,0.0379278,8,0,0,Launch_Pad,Grounded
2026 IN-SPACe-PVC,11.1801,42,0.03354,101325,25,7.4,0,0,0,0.0314025,8,0,0,Launch_Pad,Grounded
2026 IN-SPACe-PVC,11.4401,43,-0.0218888,101325,25,7.4,0,0,0,0.0155997,8,0,0,Launch_Pad,Grounded
2026 IN-SPACe-PVC,11.7001,44,-0.0403537,101325,25,7.4,0,0,0,-0.0269199,8,0,0,Launch_Pad,Grounded
2026 IN-SPACe-PVC,11.9601,45,0.0105826,101325,25,7.4,0,0,0,0.0180773,8,0,0,Launch_Pad,Grounded
2026 IN-SPACe-PVC,12.2201,46,0.124601,101325,25,7.4,0,0,0,0.0858821,8,42.6934,0,Launch_Pad,Powered ascent
2026 IN-SPACe-PVC,12.4801,47,2.56931,101325,25,7.4,0,0,0,2.28974,8,42.6934,0,Launch_Pad,Powered ascent
2026 IN-SPACe-PVC,12.7401,48,7.79114,101325,25,7.4,0,0,0,7.33348,8,42.6934,0,Launch_Pad,Powered ascent
2026 IN-SPACe-PVC,13.0001,49,16.0087,101325,25,7.4,0,0,0,15.2113,8,42.6934,0,Ascent,Powered ascent
2026 IN-SPACe-PVC,13.2601,50,26.9927,101325,25,7.4,0,0,0,26.1215,8,42.6934,0,Ascent,Powered ascent
2026 IN-SPACe-PVC,13.5201,51,40.9092,101325,25,7.4,0,0,0,39.7201,8,42.6934,0,Ascent,Powered ascent
2026 IN-SPACe-PVC,13.7801,52,57.3745,101325,25,7.4,0,0,0,56.0859,8,-9.80665,0,Ascent,Coast
2026 IN-SPACe-PVC,14.0401,53,73.805,101325,25,7.4,0,0,0,72.5284,8,-9.80665,0,Ascent,Coast
2026 IN-SPACe-PVC,14.3001,54,89.646,101325,25,7.4,0,0,0,88.394,8,-9.80665,0,Ascent,Coast
2026 IN-SPACe-PVC,14.5601,55,104.867,101325,25,7.4,0,0,0,103.75,8,-9.80665,0,Ascent,Coast
2026 IN-SPACe-PVC,14.8201,56,119.282,101325,25,7.4,0,0,0,118.204,8,-9.80665,0,Ascent,Coast
2026 IN-SPACe-PVC,15.0802,57,133.232,101325,25,7.4,0,0,0,132.212,8,-9.80665,0,Ascent,Coast
2026 IN-SPACe-PVC,15.3402,58,146.354,101325,25,7.4,0,0,0,145.403,8,-9.80665,0,Ascent,Coast
2026 IN-SPACe-PVC,15.6002,59,158.942,101325,25,7.4,0,0,0,157.976,8,-9.80665,0,Ascent,Coast
2026 IN-SPACe-PVC,15.8602,60,170.849,101325,25,7.4,0,0,0,169.973,8,-9.80665,0,Ascent,Coast
2026 IN-SPACe-PVC,16.1202,61,181.989,101325,25,7.4,0,0,0,181.143,8,-9.80665,0,Ascent,Coast
2026 IN-SPACe-PVC,16.3802,62,192.525,101325,25,7.4,0,0,0,191.682,8,-9.80665,0,Ascent,Coast
2026 IN-SPACe-PVC,16.6402,63,202.308,101325,25,7.4,0,0,0,201.599,8,-9.80665,0,Ascent,Coast
2026 IN-SPACe-PVC,16.9002,64,211.568,101325,25,7.4,0,0,0,210.924,8,-9.80665,0,Ascent,Coast
2026 IN-SPACe-PVC,17.1602,65,220.096,101325,25,7.4,0,0,0,219.493,8,-9.80665,0,Ascent,Coast
2026 IN-SPACe-PVC,17.4202,66,227.974,101325,25,7.4,0,0,0,227.446,8,-9.80665,0,Ascent,Coast
2026 IN-SPACe-PVC,17.6802,67,235.163,101325,25,7.4,0,0,0,234.657,8,-9.80665,0,Ascent,Coast
2026 IN-SPACe-PVC,17.9402,68,241.748,101325,25,7.4,0,0,0,241.324,8,-9.80665,0,Ascent,Coast
2026 IN-SPACe-PVC,18.2002,69,247.752,101325,25,7.4,0,0,0,247.28,8,-9.80665,0,Ascent,Coast
2026 IN-SPACe-PVC,18.4602,70,252.883,101325,25,7.4,0,0,0,252.492,8,-9.80665,0,Ascent,Coast
2026 IN-SPACe-PVC,18.7202,71,257.603,101325,25,7.4,0,0,0,257.25,8,-9.80665,0,Ascent,Coast
2026 IN-SPACe-PVC,18.9802,72,261.435,101325,25,7.4,0,0,0,261.1,8,-9.80665,0,Ascent,Coast
2026 IN-SPACe-PVC,19.2402,73,264.549,101325,25,7.4,0,0,0,264.369,8,-9.80665,0,Ascent,Coast
2026 IN-SPACe-PVC,19.5003,74,267.131,101325,25,7.4,0,0,0,266.981,8,-9.80665,0,Ascent,Coast
2026 IN-SPACe-PVC,19.7603,75,269.118,101325,25,7.4,0,0,0,268.996,8,-9.80665,0,Ascent,Coast
2026 IN-SPACe-PVC,20.0203,76,270.276,101325,25,7.4,0,0,0,270.23,8,-9.80665,0,Ascent,Coast
2026 IN-SPACe-PVC,20.2803,77,270.906,101325,25,7.4,0,0,0,270.889,8,-9.80665,0,Ascent,Coast
2026 IN-SPACe-PVC,20.5403,78,270.952,101325,25,7.4,0,0,0,270.961,8,-9.80665,0,Ascent,Ballistic descent
2026 IN-SPACe-PVC,20.8003,79,270.191,101325,25,7.4,0,0,0,270.242,8,-9.80665,0,Ascent,Ballistic descent
2026 IN-SPACe-PVC,21.0603,80,268.82,101325,25,7.4,0,0,0,268.917,8,-9.80665,0,Apogee_confirm,Ballistic descent
2026 IN-SPACe-PVC,21.3203,81,266.651,101325,25,7.4,0,0,0,266.829,8,-9.80665,0,Apogee_confirm,Ballistic descent
2026 IN-SPACe-PVC,21.5803,82,263.961,101325,25,7.4,0,0,0,264.138,8,-9.80665,0,Apogee_confirm,Ballistic descent
2026 IN-SPACe-PVC,21.8403,83,260.596,101325,25,7.4,0,0,0,260.936,8,-9.80665,0,Payload_Separation,Ballistic descent
2026 IN-SPACe-PVC,22.1003,84,256.542,101325,25,7.4,0,0,0,256.911,8,-9.80665,0,Payload_Separation,Ballistic descent
2026 IN-SPACe-PVC,22.3603,85,251.838,101325,25,7.4,0,0,0,252.164,8,-9.80665,0,Payload_Separation,Ballistic descent
2026 IN-SPACe-PVC,22.6203,86,246.426,101325,25,7.4,0,0,0,246.83,8,-9.80665,0,Payload_Separation,Ballistic descent
2026 IN-SPACe-PVC,22.8803,87,240.458,101325,25,7.4,0,0,0,240.908,8,-9.80665,0,Payload_Separation,Ballistic descent
2026 IN-SPACe-PVC,23.1403,88,233.681,101325,25,7.4,0,0,0,234.213,8,-9.80665,0,Payload_Separation,Ballistic descent
2026 IN-SPACe-PVC,23.4003,89,226.414,101325,25,7.4,0,0,0,226.958,8,-9.80665,0,Payload_Separation,Ballistic descent
2026 IN-SPACe-PVC,23.6604,90,218.291,101325,25,7.4,0,0,0,218.9,8,-9.80665,0,Payload_Separation,Ballistic descent
2026 IN-SPACe-PVC,23.9204,91,209.587,101325,25,7.4,0,0,0,210.268,8,-9.80665,0,Payload_Separation,Ballistic descent
2026 IN-SPACe-PVC,24.1804,92,200.217,101325,25,7.4,0,0,0,200.914,8,-9.80665,0,Payload_Separation,Ballistic descent
2026 IN-SPACe-PVC,24.4404,93,190.234,101325,25,7.4,0,0,0,191.03,8,-9.80665,0,Payload_Separation,Ballistic descent
2026 IN-SPACe-PVC,24.7004,94,179.775,101325,25,7.4,0,0,0,180.39,8,0,0,Descent,Ballistic descent
2026 IN-SPACe-PVC,24.9604,95,177.572,101325,25,7.4,0,0,0,177.672,8,0,0,Descent,Ballistic descent
2026 IN-SPACe-PVC,25.2204,96,176.771,101325,25,7.4,0,0,0,176.802,8,0,0,Descent,Ballistic descent
2026 IN-SPACe-PVC,25.4804,97,175.856,101325,25,7.4,0,0,0,175.909,8,0,0,Descent,Ballistic descent
2026 IN-SPACe-PVC,25.7404,98,174.889,101325,25,7.4,0,0,0,174.919,8,0,0,Descent,Ballistic descent
2026 IN-SPACe-PVC,26.0004,99,173.865,101325,25,7.4,0,0,0,173.928,8,0,0,Descent,Ballistic descent
2026 IN-SPACe-PVC,26.2604,100,173.076,101325,25,7.4,0,0,0,173.122,8,0,0,Descent,Ballistic descent
2026 IN-SPACe-PVC,26.5204,101,172.145,101325,25,7.4,0,0,0,172.196,8,0,0,Descent,Ballistic descent
2026 IN-SPACe-PVC,26.7804,102,171.313,101325,25,7.4,0,0,0,171.334,8,0,0,Descent,Ballistic descent
2026 IN-SPACe-PVC,27.0404,103,170.35,101325,25,7.4,0,0,0,170.39,8,0,0,Descent,Ballistic descent
2026 IN-SPACe-PVC,27.3004,104,169.369,101325,25,7.4,0,0,0,169.468,8,0,0,Descent,Ballistic descent
2026 IN-SPACe-PVC,27.5604,105,168.477,101325,25,7.4,0,0,0,168.555,8,0,0,Descent,Ballistic descent
2026 IN-SPACe-PVC,27.8204,106,167.575,101325,25,7.4,0,0,0,167.63,8,0,0,Descent,Ballistic descent
2026 IN-SPACe-PVC,28.0805,107,166.708,101325,25,7.4,0,0,0,166.792,8,0,0,Descent,Ballistic descent
2026 IN-SPACe-PVC,28.3405,108,165.773,101325,25,7.4,0,0,0,165.851,8,0,0,Descent,Ballistic descent
2026 IN-SPACe-PVC,28.6005,109,164.846,101325,25,7.4,0,0,0,164.93,8,0,0,Descent,Ballistic descent
2026 IN-SPACe-PVC,28.8605,110,163.889,101325,25,7.4,0,0,0,163.975,8,0,0,Descent,Ballistic descent
2026 IN-SPACe-PVC,29.1205,111,163.059,101325,25,7.4,0,0,0,163.12,8,0,0,Descent,Ballistic descent
2026 IN-SPACe-PVC,29.3805,112,162.107,101325,25,7.4,0,0,0,162.214,8,0,0,Descent,Ballistic descent
2026 IN-SPACe-PVC,29.6405,113,161.182,101325,25,7.4,0,0,0,161.272,8,0,0,Descent,Ballistic descent
2026 IN-SPACe-PVC,29.9005,114,160.353,101325,25,7.4,0,0,0,160.389,8,0,0,Descent,Ballistic descent
2026 IN-SPACe-PVC,30.1605,115,159.389,101325,25,7.4,0,0,0,159.505,8,0,0,Descent,Ballistic descent
2026 IN-SPACe-PVC,30.4205,116,158.48,101325,25,7.4,0,0,0,158.566,8,0,0,Descent,Ballistic descent
2026 IN-SPACe-PVC,30.6805,117,157.578,101325,25,7.4,0,0,0,157.651,8,0,0,Descent,Ballistic descent
2026 IN-SPACe-PVC,30.9405,118,156.622,101325,25,7.4,0,0,0,156.749,8,0,0,Descent,Ballistic descent
2026 IN-SPACe-PVC,31.2005,119,155.781,101325,25,7.4,0,0,0,155.802,8,0,0,Descent,Ballistic descent
2026 IN-SPACe-PVC,31.4605,120,154.885,101325,25,7.4,0,0,0,154.958,8,0,0,Descent,Ballistic descent
2026 IN-SPACe-PVC,31.7205,121,153.968,101325,25,7.4,0,0,0,153.983,8,0,0,Descent,Ballistic descent
2026 IN-SPACe-PVC,31.9805,122,152.993,101325,25,7.4,0,0,0,152.985,8,0,0,Descent,Ballistic descent
2026 IN-SPACe-PVC,32.2405,123,152.108,101325,25,7.4,0,0,0,152.198,8,0,0,Descent,Ballistic descent
2026 IN-SPACe-PVC,32.5006,124,151.21,101325,25,7.4,0,0,0,151.341,8,0,0,Descent,Ballistic descent
2026 IN-SPACe-PVC,32.7606,125,150.324,101325,25,7.4,0,0,0,150.361,8,0,0,Descent,Ballistic descent
2026 IN-SPACe-PVC,33.0206,126,149.386,101325,25,7.4,0,0,0,149.521,8,0,0,Descent,Ballistic descent
2026 IN-SPACe-PVC,33.2806,127,148.576,101325,25,7.4,0,0,0,148.6,8,0,0,Descent,Ballistic descent
2026 IN-SPACe-PVC,33.5406,128,147.641,101325,25,7.4,0,0,0,147.755,8,0,0,Descent,Ballistic descent
2026 IN-SPACe-PVC,33.8006,129,146.683,101325,25,7.4,0,0,0,146.819,8,0,0,Descent,Ballistic descent
2026 IN-SPACe-PVC,34.0606,130,145.721,101325,25,7.4,0,0,0,145.79,8,0,0,Descent,Ballistic descent
2026 IN-SPACe-PVC,34.3206,131,144.87,101325,25,7.4,0,0,0,144.981,8,0,0,Descent,Ballistic descent
2026 IN-SPACe-PVC,34.5806,132,143.903,101325,25,7.4,0,0,0,143.992,8,0,0,Descent,Ballistic descent
2026 IN-SPACe-PVC,34.8406,133,143.011,101325,25,7.4,0,0,0,143.13,8,0,0,Descent,Ballistic descent
2026 IN-SPACe-PVC,35.1006,134,142.183,101325,25,7.4,0,0,0,142.259,8,0,0,Descent,Ballistic descent
2026 IN-SPACe-PVC,35.3606,135,141.123,101325,25,7.4,0,0,0,141.221,8,0,0,Descent,Ballistic descent
2026 IN-SPACe-PVC,35.6206,136,140.395,101325,25,7.4,0,0,0,140.443,8,0,0,Descent,Ballistic descent
2026 IN-SPACe-PVC,35.8806,137,139.392,101325,25,7.4,0,0,0,139.546,8,0,0,Descent,Ballistic descent
2026 IN-SPACe-PVC,36.1406,138,138.503,101325,25,7.4,0,0,0,138.522,8,0,0,Descent,Ballistic descent
2026 IN-SPACe-PVC,36.4006,139,137.519,101325,25,7.4,0,0,0,137.576,8,0,0,Descent,Ballistic descent
2026 IN-SPACe-PVC,36.6606,140,136.618,101325,25,7.4,0,0,0,136.745,8,0,0,Descent,Ballistic descent
2026 IN-SPACe-PVC,36.9207,141,135.705,101325,25,7.4,0,0,0,135.82,8,0,0,Descent,Ballistic descent
2026 IN-SPACe-PVC,37.1807,142,134.888,101325,25,7.4,0,0,0,134.923,8,0,0,Descent,Ballistic descent
2026 IN-SPACe-PVC,37.4407,143,134.014,101325,25,7.4,0,0,0,134.113,8,0,0,Descent,Ballistic descent
2026 IN-SPACe-PVC,37.7007,144,132.983,101325,25,7.4,0,0,0,133.101,8,0,0,Descent,Ballistic descent
2026 IN-SPACe-PVC,37.9607,145,132.051,101325,25,7.4,0,0,0,132.135,8,0,0,Descent,Ballistic descent
2026 IN-SPACe-PVC,38.2207,146,131.128,101325,25,7.4,0,0,0,131.223,8,0,0,Descent,Ballistic descent
2026 IN-SPACe-PVC,38.4807,147,130.236,101325,25,7.4,0,0,0,130.336,8,0,0,Descent,Ballistic descent
2026 IN-SPACe-PVC,38.7407,148,129.348,101325,25,7.4,0,0,0,129.444,8,0,0,Descent,Ballistic descent
2026 IN-SPACe-PVC,39.0007,149,128.379,101325,25,7.4,0,0,0,128.465,8,0,0,Descent,Ballistic descent
2026 IN-SPACe-PVC,39.2607,150,127.521,101325,25,7.4,0,0,0,127.61,8,0,0,Descent,Ballistic descent
2026 IN-SPACe-PVC,39.5207,151,126.721,101325,25,7.4,0,0,0,126.749,8,0,0,Descent,Ballistic descent
2026 IN-SPACe-PVC,39.7807,152,125.724,101325,25,7.4,0,0,0,125.83,8,0,0,Descent,Ballistic descent
2026 IN-SPACe-PVC,40.0407,153,124.791,101325,25,7.4,0,0,0,124.861,8,0,0,Descent,Ballistic descent
2026 IN-SPACe-PVC,40.3007,154,123.974,101325,25,7.4,0,0,0,124.029,8,0,0,Descent,Ballistic descent
2026 IN-SPACe-PVC,40.5607,155,122.959,101325,25,7.4,0,0,0,123.031,8,0,0,Descent,Ballistic descent
2026 IN-SPACe-PVC,40.8207,156,122.088,101325,25,7.4,0,0,0,122.186,8,0,0,Descent,Ballistic descent
2026 IN-SPACe-PVC,41.0807,157,121.197,101325,25,7.4,0,0,0,121.347,8,0,0,Descent,Ballistic descent
2026 IN-SPACe-PVC,41.3408,158,120.287,101325,25,7.4,0,0,0,120.342,8,0,0,Descent,Ballistic descent
2026 IN-SPACe-PVC,41.6008,159,119.404,101325,25,7.4,0,0,0,119.457,8,0,0,Descent,Ballistic descent
2026 IN-SPACe-PVC,41.8608,160,118.448,101325,25,7.4,0,0,0,118.514,8,0,0,Descent,Ballistic descent
2026 IN-SPACe-PVC,42.1208,161,117.58,101325,25,7.4,0,0,0,117.611,8,0,0,Descent,Ballistic descent
2026 IN-SPACe-PVC,42.3808,162,116.651,101325,25,7.4,0,0,0,116.749,8,0,0,Descent,Ballistic descent
2026 IN-SPACe-PVC,42.6408,163,115.732,101325,25,7.4,0,0,0,115.841,8,0,0,Descent,Ballistic descent
2026 IN-SPACe-PVC,42.9008,164,114.848,101325,25,7.4,0,0,0,114.851,8,0,0,Descent,Ballistic descent
2026 IN-SPACe-PVC,43.1608,165,113.941,101325,25,7.4,0,0,0,113.987,8,0,0,Descent,Ballistic descent
2026 IN-SPACe-PVC,43.4208,166,112.959,101325,25,7.4,0,0,0,113.09,8,0,0,Descent,Ballistic descent
2026 IN-SPACe-PVC,43.6808,167,112.149,101325,25,7.4,0,0,0,112.221,8,0,0,Descent,Ballistic descent
2026 IN-SPACe-PVC,43.9408,168,111.222,101325,25,7.4,0,0,0,111.322,8,0,0,Descent,Ballistic descent
2026 IN-SPACe-PVC,44.2008,169,110.23,101325,25,7.4,0,0,0,110.339,8,0,0,Descent,Ballistic descent
2026 IN-SPACe-PVC,44.4608,170,109.373,101325,25,7.4,0,0,0,109.429,8,0,0,Descent,Ballistic descent
2026 IN-SPACe-PVC,44.7208,171,108.512,101325,25,7.4,0,0,0,108.539,8,0,0,Descent,Ballistic descent
2026 IN-SPACe-PVC,44.9808,172,107.522,101325,25,7.4,0,0,0,107.629,8,0,0,Descent,Ballistic descent
2026 IN-SPACe-PVC,45.2408,173,106.561,101325,25,7.4,0,0,0,106.612,8,0,0,Descent,Ballistic descent
2026 IN-SPACe-PVC,45.5009,174,105.804,101325,25,7.4,0,0,0,105.875,8,0,0,Descent,Ballistic descent
2026 IN-SPACe-PVC,45.7609,175,104.832,101325,25,7.4,0,0,0,104.827,8,0,0,Descent,Ballistic descent
2026 IN-SPACe-PVC,46.0209,176,103.934,101325,25,7.4,0,0,0,103.952,8,0,0,Descent,Ballistic descent
2026 IN-SPACe-PVC,46.2809,177,102.932,101325,25,7.4,0,0,0,103.051,8,0,0,Descent,Ballistic descent
2026 IN-SPACe-PVC,46.5409,178,101.994,101325,25,7.4,0,0,0,102.063,8,0,0,Descent,Ballistic descent
2026 IN-SPACe-PVC,46.8009,179,101.097,101325,25,7.4,0,0,0,101.157,8,0,0,Descent,Ballistic descent
2026 IN-SPACe-PVC,47.0609,180,100.241,101325,25,7.4,0,0,0,100.363,8,0,0,Descent,Ballistic descent
2026 IN-SPACe-PVC,47.3209,181,99.2512,101325,25,7.4,0,0,0,99.3509,8,0,0,Descent,Ballistic descent
2026 IN-SPACe-PVC,47.5809,182,98.4072,101325,25,7.4,0,0,0,98.5433,8,0,0,Descent,Ballistic descent
2026 IN-SPACe-PVC,47.8409,183,97.5896,101325,25,7.4,0,0,0,97.6421,8,0,0,Descent,Ballistic descent
2026 IN-SPACe-PVC,48.1009,184,96.5657,101325,25,7.4,0,0,0,96.6685,8,0,0,Descent,Ballistic descent
2026 IN-SPACe-PVC,48.3609,185,95.6873,101325,25,7.4,0,0,0,95.8143,8,0,0,Descent,Ballistic descent
2026 IN-SPACe-PVC,48.6209,186,94.7087,101325,25,7.4,0,0,0,94.8245,8,0,0,Descent,Ballistic descent
2026 IN-SPACe-PVC,48.8809,187,93.8343,101325,25,7.4,0,0,0,93.9563,8,0,0,Descent,Ballistic descent
2026 IN-SPACe-PVC,49.1409,188,92.8845,101325,25,7.4,0,0,0,92.9868,8,0,0,Descent,Ballistic descent
2026 IN-SPACe-PVC,49.4009,189,92.0494,101325,25,7.4,0,0,0,92.1725,8,0,0,Descent,Ballistic descent
2026 IN-SPACe-PVC,49.6609,190,91.1508,101325,25,7.4,0,0,0,91.2896,8,0,0,Descent,Ballistic descent
2026 IN-SPACe-PVC,49.921,191,90.2971,101325,25,7.4,0,0,0,90.3079,8,0,0,Descent,Ballistic descent
2026 IN-SPACe-PVC,50.181,192,89.4409,101325,25,7.4,0,0,0,89.4736,8,0,0,Descent,Ballistic descent
2026 IN-SPACe-PVC,50.441,193,88.5218,101325,25,7.4,0,0,0,88.5544,8,0,0,Descent,Ballistic descent
2026 IN-SPACe-PVC,50.701,194,87.436,101325,25,7.4,0,0,0,87.5117,8,0,0,Descent,Ballistic descent
2026 IN-SPACe-PVC,50.961,195,86.5862,101325,25,7.4,0,0,0,86.6258,8,0,0,Descent,Ballistic descent
2026 IN-SPACe-PVC,51.221,196,85.7587,101325,25,7.4,0,0,0,85.8073,8,0,0,Descent,Ballistic descent
2026 IN-SPACe-PVC,51.481,197,84.7933,101325,25,7.4,0,0,0,84.8735,8,0,0,Descent,Ballistic descent
2026 IN-SPACe-PVC,51.741,198,83.9871,101325,25,7.4,0,0,0,84.0379,8,0,0,Descent,Ballistic descent
2026 IN-SPACe-PVC,52.001,199,83.0099,101325,25,7.4,0,0,0,83.05,8,0,0,Descent,Ballistic descent
2026 IN-SPACe-PVC,52.261,200,81.9802,101325,25,7.4,0,0,0,82.0742,8,0,0,Descent,Ballistic descent
2026 IN-SPACe-PVC,52.521,201,81.119,101325,25,7.4,0,0,0,81.1168,8,0,0,Descent,Ballistic descent
2026 IN-SPACe-PVC,52.781,202,80.2436,101325,25,7.4,0,0,0,80.3043,8,0,0,Descent,Ballistic descent
2026 IN-SPACe-PVC,53.041,203,79.3617,101325,25,7.4,0,0,0,79.4684,8,0,0,Descent,Ballistic descent
2026 IN-SPACe-PVC,53.301,204,78.4489,101325,25,7.4,0,0,0,78.4488,8,0,0,Descent,Ballistic descent
2026 IN-SPACe-PVC,53.561,205,77.5846,101325,25,7.4,0,0,0,77.6263,8,0,0,Descent,Ballistic descent
2026 IN-SPACe-PVC,53.821,206,76.6025,101325,25,7.4,0,0,0,76.6221,8,0,0,Descent,Ballistic descent
2026 IN-SPACe-PVC,54.081,207,75.7474,101325,25,7.4,0,0,0,75.7833,8,0,0,Descent,Ballistic descent
2026 IN-SPACe-PVC,54.3411,208,74.7063,101325,25,7.4,0,0,0,74.7418,8,0,0,Descent,Ballistic descent
2026 IN-SPACe-PVC,54.6011,209,73.8985,101325,25,7.4,0,0,0,73.9206,8,0,0,Descent,Ballistic descent
2026 IN-SPACe-PVC,54.8611,210,72.945,101325,25,7.4,0,0,0,73.0071,8,0,0,Descent,Ballistic descent
2026 IN-SPACe-PVC,55.1211,211,72.0652,101325,25,7.4,0,0,0,72.1433,8,0,0,Descent,Ballistic descent
2026 IN-SPACe-PVC,55.3811,212,71.0933,101325,25,7.4,0,0,0,71.148,8,0,0,Descent,Ballistic descent
2026 IN-SPACe-PVC,55.6411,213,70.2833,101325,25,7.4,0,0,0,70.3252,8,0,0,Descent,Ballistic descent
2026 IN-SPACe-PVC,55.9011,214,69.3121,101325,25,7.4,0,0,0,69.4549,8,0,0,Descent,Ballistic descent
2026 IN-SPACe-PVC,56.1611,215,68.3775,101325,25,7.4,0,0,0,68.4024,8,0,0,Descent,Ballistic descent
2026 IN-SPACe-PVC,56.4211,216,67.4851,101325,25,7.4,0,0,0,67.5251,8,0,0,Descent,Ballistic descent
2026 IN-SPACe-PVC,56.6811,217,66.535,101325,25,7.4,0,0,0,66.6644,8,0,0,Descent,Ballistic descent
2026 IN-SPACe-PVC,56.9411,218,65.6772,101325,25,7.4,0,0,0,65.7586,8,0,0,Descent,Ballistic descent
2026 IN-SPACe-PVC,57.2011,219,64.7124,101325,25,7.4,0,0,0,64.8237,8,0,0,Descent,Ballistic descent
2026 IN-SPACe-PVC,57.4611,220,63.8688,101325,25,7.4,0,0,0,63.8666,8,0,0,Descent,Ballistic descent
2026 IN-SPACe-PVC,57.7211,221,62.9787,101325,25,7.4,0,0,0,62.9976,8,0,0,Descent,Ballistic descent
2026 IN-SPACe-PVC,57.9811,222,62.0669,101325,25,7.4,0,0,0,62.1425,8,0,0,Descent,Ballistic descent
2026 IN-SPACe-PVC,58.2411,223,61.177,101325,25,7.4,0,0,0,61.2031,8,0,0,Descent,Ballistic descent
2026 IN-SPACe-PVC,58.5011,224,60.2977,101325,25,7.4,0,0,0,60.3171,8,0,0,Descent,Ballistic descent
2026 IN-SPACe-PVC,58.7612,225,59.3595,101325,25,7.4,0,0,0,59.439,8,0,0,Descent,Ballistic descent
2026 IN-SPACe-PVC,59.0212,226,58.4106,101325,25,7.4,0,0,0,58.4718,8,0,0,Descent,Ballistic descent
2026 IN-SPACe-PVC,59.2812,227,57.4482,101325,25,7.4,0,0,0,57.5609,8,0,0,Descent,Ballistic descent
2026 IN-SPACe-PVC,59.5412,228,56.4987,101325,25,7.4,0,0,0,56.5812,8,0,0,Descent,Ballistic descent
2026 IN-SPACe-PVC,59.8012,229,55.7187,101325,25,7.4,0,0,0,55.7446,8,0,0,Descent,Ballistic descent
2026 IN-SPACe-PVC,60.0612,230,54.7342,101325,25,7.4,0,0,0,54.8476,8,0,0,Descent,Ballistic descent
2026 IN-SPACe-PVC,60.3212,231,53.8545,101325,25,7.4,0,0,0,53.9115,8,0,0,Descent,Ballistic descent
2026 IN-SPACe-PVC,60.5812,232,52.8616,101325,25,7.4,0,0,0,52.9194,8,0,0,Descent,Ballistic descent
2026 IN-SPACe-PVC,60.8412,233,52.0924,101325,25,7.4,0,0,0,52.1292,8,0,0,Descent,Ballistic descent
2026 IN-SPACe-PVC,61.1012,234,51.1577,101325,25,7.4,0,0,0,51.1799,8,0,0,Descent,Ballistic descent
2026 IN-SPACe-PVC,61.3612,235,50.2356,101325,25,7.4,0,0,0,50.3458,8,0,0,Descent,Ballistic descent
2026 IN-SPACe-PVC,61.6212,236,49.2768,101325,25,7.4,0,0,0,49.3669,8,0,0,Descent,Ballistic descent
2026 IN-SPACe-PVC,61.8812,237,48.3942,101325,25,7.4,0,0,0,48.476,8,0,0,Descent,Ballistic descent
2026 IN-SPACe-PVC,62.1412,238,47.4168,101325,25,7.4,0,0,0,47.5327,8,0,0,Descent,Ballistic descent
2026 IN-SPACe-PVC,62.4012,239,46.6258,101325,25,7.4,0,0,0,46.7337,8,0,0,Descent,Ballistic descent
2026 IN-SPACe-PVC,62.6612,240,45.6416,101325,25,7.4,0,0,0,45.7415,8,0,0,Descent,Ballistic descent
2026 IN-SPACe-PVC,62.9212,241,44.7012,101325,25,7.4,0,0,0,44.8227,8,0,0,Descent,Ballistic descent
2026 IN-SPACe-PVC,63.1813,242,43.8783,101325,25,7.4,0,0,0,43.9056,8,0,0,Descent,Ballistic descent
2026 IN-SPACe-PVC,63.4413,243,43.002,101325,25,7.4,0,0,0,43.0304,8,0,0,Descent,Ballistic descent
2026 IN-SPACe-PVC,63.7013,244,42.0098,101325,25,7.4,0,0,0,42.0765,8,0,0,Descent,Ballistic descent
2026 IN-SPACe-PVC,63.9613,245,41.0846,101325,25,7.4,0,0,0,41.1605,8,0,0,Descent,Ballistic descent
2026 IN-SPACe-PVC,64.2212,246,40.2788,101325,25,7.4,0,0,0,40.3125,8,0,0,Descent,Ballistic descent
2026 IN-SPACe-PVC,64.4812,247,39.3037,101325,25,7.4,0,0,0,39.3653,8,0,0,Descent,Ballistic descent
2026 IN-SPACe-PVC,64.7411,248,38.3534,101325,25,7.4,0,0,0,38.4559,8,0,0,Descent,Ballistic descent
2026 IN-SPACe-PVC,65.0011,249,37.4654,101325,25,7.4,0,0,0,37.4755,8,0,0,Descent,Ballistic descent
2026 IN-SPACe-PVC,65.2611,250,36.5298,101325,25,7.4,0,0,0,36.6183,8,0,0,Descent,Ballistic descent
2026 IN-SPACe-PVC,65.521,251,35.6032,101325,25,7.4,0,0,0,35.7292,8,0,0,Descent,Ballistic descent
2026 IN-SPACe-PVC,65.781,252,34.7147,101325,25,7.4,0,0,0,34.781,8,0,0,Descent,Ballistic descent
2026 IN-SPACe-PVC,66.0409,253,33.8595,101325,25,7.4,0,0,0,33.9185,8,0,0,Descent,Ballistic descent
2026 IN-SPACe-PVC,66.3009,254,32.9629,101325,25,7.4,0,0,0,33.0267,8,0,0,Descent,Ballistic descent
2026 IN-SPACe-PVC,66.5608,255,32.0732,101325,25,7.4,0,0,0,32.0886,8,0,0,Descent,Ballistic descent
2026 IN-SPACe-PVC,66.8208,256,31.1564,101325,25,7.4,0,0,0,31.2192,8,0,0,Descent,Ballistic descent
2026 IN-SPACe-PVC,67.0808,257,30.1919,101325,25,7.4,0,0,0,30.2297,8,0,0,Descent,Ballistic descent
2026 IN-SPACe-PVC,67.3407,258,29.3303,101325,25,7.4,0,0,0,29.3433,8,0,0,Descent,Ballistic descent
2026 IN-SPACe-PVC,67.6007,259,28.3316,101325,25,7.4,0,0,0,28.412,8,0,0,Descent,Ballistic descent
2026 IN-SPACe-PVC,67.8606,260,27.4864,101325,25,7.4,0,0,0,27.5353,8,0,0,Descent,Ballistic descent
2026 IN-SPACe-PVC,68.1206,261,26.5406,101325,25,7.4,0,0,0,26.6726,8,0,0,Descent,Ballistic descent
2026 IN-SPACe-PVC,68.3805,262,25.5665,101325,25,7.4,0,0,0,25.6668,8,0,0,Descent,Ballistic descent
2026 IN-SPACe-PVC,68.6405,263,24.7777,101325,25,7.4,0,0,0,24.8847,8,0,0,Descent,Ballistic descent
2026 IN-SPACe-PVC,68.9005,264,23.8101,101325,25,7.4,0,0,0,23.8922,8,0,0,Descent,Ballistic descent
2026 IN-SPACe-PVC,69.1604,265,22.9256,101325,25,7.4,0,0,0,22.94,8,0,0,Descent,Ballistic descent
2026 IN-SPACe-PVC,69.4204,266,22.0278,101325,25,7.4,0,0,0,22.1128,8,0,0,Descent,Ballistic descent
2026 IN-SPACe-PVC,69.6803,267,21.1742,101325,25,7.4,0,0,0,21.2087,8,0,0,Descent,Ballistic descent
2026 IN-SPACe-PVC,69.9403,268,20.085,101325,25,7.4,0,0,0,20.1506,8,0,0,Descent,Ballistic descent
2026 IN-SPACe-PVC,70.2002,269,19.2671,101325,25,7.4,0,0,0,19.4075,8,0,0,Descent,Ballistic descent
2026 IN-SPACe-PVC,70.4602,270,18.3124,101325,25,7.4,0,0,0,18.3851,8,0,0,Descent,Ballistic descent
2026 IN-SPACe-PVC,70.7201,271,17.3981,101325,25,7.4,0,0,0,17.5109,8,0,0,Descent,Ballistic descent
2026 IN-SPACe-PVC,70.9801,272,16.4963,101325,25,7.4,0,0,0,16.6005,8,0,0,Descent,Ballistic descent
2026 IN-SPACe-PVC,71.2401,273,15.6252,101325,25,7.4,0,0,0,15.6768,8,0,0,Descent,Ballistic descent
2026 IN-SPACe-PVC,71.5,274,14.6619,101325,25,7.4,0,0,0,14.7444,8,0,0,Descent,Ballistic descent
2026 IN-SPACe-PVC,71.76,275,13.879,101325,25,7.4,0,0,0,13.9348,8,0,0,Descent,Ballistic descent
2026 IN-SPACe-PVC,72.0199,276,12.8833,101325,25,7.4,0,0,0,12.9533,8,0,0,Descent,Ballistic descent
2026 IN-SPACe-PVC,72.2799,277,11.99,101325,25,7.4,0,0,0,12.0869,8,0,0,Descent,Ballistic descent
2026 IN-SPACe-PVC,72.5398,278,11.1149,101325,25,7.4,0,0,0,11.1701,8,0,0,Descent,Ballistic descent
2026 IN-SPACe-PVC,72.7998,279,10.1607,101325,25,7.4,0,0,0,10.2593,8,0,0,Descent,Ballistic descent
2026 IN-SPACe-PVC,73.0598,280,9.22,101325,25,7.4,0,0,0,9.30556,8,0,0,Descent,Ballistic descent
2026 IN-SPACe-PVC,73.3197,281,8.40635,101325,25,7.4,0,0,0,8.41518,8,0,0,Descent,Ballistic descent
2026 IN-SPACe-PVC,73.5797,282,7.5237,101325,25,7.4,0,0,0,7.55257,8,0,0,Descent,Ballistic descent
2026 IN-SPACe-PVC,73.8396,283,6.54277,101325,25,7.4,0,0,0,6.62101,8,0,0,Descent,Ballistic descent
2026 IN-SPACe-PVC,74.0996,284,5.69045,101325,25,7.4,0,0,0,5.74475,8,0,0,Descent,Ballistic descent
2026 IN-SPACe-PVC,74.3595,285,4.74131,101325,25,7.4,0,0,0,4.76757,8,0,0,Descent,Ballistic descent
2026 IN-SPACe-PVC,74.6195,286,3.85377,101325,25,7.4,0,0,0,3.94776,8,0,0,Descent,Ballistic descent
2026 IN-SPACe-PVC,74.8794,287,2.88861,101325,25,7.4,0,0,0,2.9954,8,0,0,Descent,Ballistic descent
2026 IN-SPACe-PVC,75.1394,288,2.01976,101325,25,7.4,0,0,0,2.04712,8,0,0,Descent,Ballistic descent
2026 IN-SPACe-PVC,75.3994,289,1.08076,101325,25,7.4,0,0,0,1.16004,8,0,0,Descent,Ballistic descent
2026 IN-SPACe-PVC,75.6593,290,0.138709,101325,25,7.4,0,0,0,0.264397,8,0,0,Descent,Landed
2026 IN-SPACe-PVC,75.9193,291,-0.0281764,101325,25,7.4,0,0,0,-0.0736867,8,0,0,Descent,Landed
2026 IN-SPACe-PVC,76.1792,292,0.0077596,101325,25,7.4,0,0,0,0.0291173,8,0,0,Descent,Landed
2026 IN-SPACe-PVC,76.4392,293,-0.0306638,101325,25,7.4,0,0,0,-0.00876706,8,0,0,Descent,Landed
2026 IN-SPACe-PVC,76.6991,294,-0.0151078,101325,25,7.4,0,0,0,0.061496,8,0,0,Descent,Landed
2026 IN-SPACe-PVC,76.9591,295,-0.0259259,101325,25,7.4,0,0,0,0.0257632,8,0,0,Descent,Landed
2026 IN-SPACe-PVC,77.2191,296,0.0069178,101325,25,7.4,0,0,0,-0.0514534,8,0,0,Descent,Landed
2026 IN-SPACe-PVC,77.479,297,-0.0336708,101325,25,7.4,0,0,0,0.0182815,8,0,0,Descent,Landed
2026 IN-SPACe-PVC,77.739,298,-0.077906,101325,25,7.4,0,0,0,-0.0255967,8,0,0,Descent,Landed
2026 IN-SPACe-PVC,77.9989,299,-0.0434485,101325,25,7.4,0,0,0,-0.0314266,8,0,0,Descent,Landed
2026 IN-SPACe-PVC,80.1186,300,-0.012273,101325,25,7.4,0,0,0,0.0025854,8,0,0,Beacon,Landed
2026 IN-SPACe-PVC,80.3785,301,0.0141563,101325,25,7.4,0,0,0,-0.0391589,8,0,0,Beacon,Landed
2026 IN-SPACe-PVC,80.6385,302,-0.107907,101325,25,7.4,0,0,0,-0.0840476,8,0,0,Beacon,Landed
2026 IN-SPACe-PVC,80.8984,303,0.00476181,101325,25,7.4,0,0,0,0.0373671,8,0,0,Beacon,Landed
2026 IN-SPACe-PVC,81.1584,304,-0.0102312,101325,25,7.4,0,0,0,0.00762849,8,0,0,Beacon,Landed
2026 IN-SPACe-PVC,81.4184,305,0.0372563,101325,25,7.4,0,0,0,0.0410212,8,0,0,Beacon,Landed
2026 IN-SPACe-PVC,81.6783,306,0.0601006,101325,25,7.4,0,0,0,0.0598053,8,0,0,Beacon,Landed
2026 IN-SPACe-PVC,81.9383,307,-0.0874171,101325,25,7.4,0,0,0,-0.0538036,8,0,0,Beacon,Landed
2026 IN-SPACe-PVC,82.1982,308,-0.0144927,101325,25,7.4,0,0,0,0.00902094,8,0,0,Beacon,Landed
2026 IN-SPACe-PVC,82.4582,309,-0.0449682,101325,25,7.4,0,0,0,-0.0271401,8,0,0,Beacon,Landed
2026 IN-SPACe-PVC,82.7181,310,-0.10129,101325,25,7.4,0,0,0,-0.0768655,8,0,0,Beacon,Landed
2026 IN-SPACe-PVC,82.9781,311,0.0221757,101325,25,7.4,0,0,0,-0.00200021,8,0,0,Beacon,Landed
