timestamp,raw_packet
2026-06-05T10:24:22Z,"1,TELEMETRY,0,0.00,BOOT,BOOT,0.00,0.00,0.00,0,0,0,0,101325.00,24.80,11.40,0,35.333100,-117.803000,8,9.87,0.02,Boot,Boot,105"
2026-06-05T10:24:23Z,"1,TELEMETRY,1,0.25,BOOT,BOOT,0.00,0.00,0.00,0,0,0,0,101325.00,24.80,11.40,0,35.333100,-117.803000,0.00,8,9.73,Boot,Boot,100"
2026-06-05T10:24:23Z,"TELEMETRY,2,0.50,BOOT,BOOT,0.00,0.00,0.00,0,0,0,0,101325.00,24.80,11.40,0,35.333100,-117.803000,0.00,8,9.72,0.01,Boot,Boot,103"
2026-06-05T10:24:23Z,"1,TELEMETRY,4,1.00,BOOT,BOOT,0.00,0.00,0.00,0,0,0,0,101325.00,24.80,11.40,1,35.333100,-117.803000,0.00,8,9.75,0.02,Boot,Boot,96"
2026-06-05T10:24:23Z,"1,TELEMETRY,5,1.25,BOOT,BOOT,0.00,0.00,0.00,0,0,0,0,101325.00,24.80,11.40,1,35.333100,-117.803000,0.00,8,9.81,0.03,Boot,Boot,108"
2026-06-05T10:24:23Z,"1,TELEMETRY,6,1.50,BOOT,BOOT,0.00,0.00,0.00,0,0,0,0,101325.00,24.80,11.40,1,35.333100,-117.803000,0.00,8,9.88,0.02,Boot,Boot,101"
2026-06-05T10:24:24Z,"1,TELEMETRY,7,1.75,BOOT,BOOT,0.00,0.00,0.00,0,0,0,0,101325.00,24.80,11.40,1,35.333100,-117.803000,0.00,8,9.84,0.03,Boot,Boot,110"
2026-06-05T10:24:24Z,"1,TELEMETRY,8,2.00,BOOT,BOOT,0.00,0.00,0.00,0,0,0,0,101325.00,24.80,11.40,2,35.333100,-117.803000,0.00,8,9.76,0.03,Boot,Boot,110"
2026-06-05T10:24:24Z,"1,TELEMETRY,9,2.25,BOOT,BOOT,0.00,0.00,0.00,0,0,0,0,101325.00,24.80,11.40,2,35.333100,-117.803000,0.00,8,9.83,0.03,Boot,Boot,98"
2026-06-05T10:24:24Z,!!!CORRUPTED_PAYLOAD!!!
2026-06-05T10:24:25Z,"1,TELEMETRY,11,2.75,BOOT,BOOT,0.00,0.00,0.00,0,0,0,0,101325.00,24.80,11.40,2,35.333100,-117.803000,0.00,8,9.85,0.01,Boot,Boot,90"
2026-06-05T10:24:25Z,"1,TELEMETRY,12,3.00,BOOT,BOOT,0.00,0.00,0.00,0,0,0,0,101325.00,24.80,11.40,3,35.333100,-117.803000,0.00,8,9.76,0.01,Boot,Boot,87"
2026-06-05T10:24:25Z,"1,TELEMETRY,13,3.25,BOOT,BOOT,0.00,0.00,0.00,0,0,0,0,101325.00,24.80,11.40,3,35.333100,-117.803000,0.00,8,9.75,0.03,Boot,Boot,80"
2026-06-05T10:24:26Z,"1,TELEMETRY,14,3.50,BOOT,BOOT,0.00,0.00,0.00,0,0,0,0,101325.00,24.80,11.40,3,35.333100,-117.803000,0.00,8,9.83,0.03,Boot,Boot,92"
2026-06-05T10:24:26Z,"1,TELEMETRY,15,3.75,BOOT,BOOT,0.00,0.00,0.00,0,0,0,0,101325.00,24.80,11.40,3,35.333100,-117.803000,0.00,8,9.79,0.03,Boot,Boot,95"
2026-06-05T10:24:26Z,"1,TELEMETRY,16,4.00,BOOT,BOOT,0.00,0.00,0.00,0,0,0,0,101325.00,24.80,11.40,4,35.333100,-117.803000,0.00,8,9.76,0.02,Boot,Boot,80"
2026-06-05T10:24:26Z,"1,TELEMETRY,17,4.25,BOOT,BOOT,0.00,0.00,0.00,0,0,0,0,101325.00,24.80,11.40,4,35.333100,-117.803000,0.00,8,9.91,0.02,Boot,Boot,95"
2026-06-05T10:24:26Z,"1,TELEMETRY,18,4.50,BOOT,BOOT,0.00,0.00,0.00,0,0,0,101325.00,24.80,11.40,4,35.333100,-117.803000,0.00,8,9.86,0.02,Boot,Boot,84"
2026-06-05T10:24:27Z,"1,TELEMETRY,19,4.75,BOOT,BOOT,0.00,0.00,0.00,0,0,0,0,101325.00,24.80,11.40,4,35.333100,-117.803000,0.00,8,9.87,0.01,Boot,Boot,228"
2026-06-05T10:24:27Z,"1,TELEMETRY,20,5.00,BOOT,BOOT,0.00,0.00,0.00,0,0,0,0,101325.00,24.80,11.40,5,35.333100,-117.803000,0.00,8,9.75,0.03,Boot,Boot,87"
2026-06-05T10:24:27Z,"1,TELEMETRY,21,5.25HBOOT,BOOT,0.00,0.00,0.00,0,0,0,0,101325.00,24.80,11.40,5,35.333100,-117.803000,0.00,8,9.91,0.03,Boot,Boot,91"
2026-06-05T10:24:28Z,"1,TELEMETRY,22,5.50,BOOT,BOOT,B.00,0.00,0.00,0,0,0,0,101325.00,24.80,11.40,5,35.333100,-117.803000,0.00,8,9.91,0.02,Boot,Boot,91"
2026-06-05T10:24:28Z,"1,TELEMETRY,23,5.75,BOOT,BOOT,0.00,0.00,0.00,0<0,0,0,101325.00,24.80,11.40,5,35.333100,-117.803000,0.00,8,9.87,0.02,Boot,Boot,90"
2026-06-05T10:24:28Z,"1,TELEMETRY,24,6.00,BOOT,BOOT,0.00,0.00,0.00,0,0,0,0,101325.00,24.80,11.40,6,35.333100,-117.803000,0.00,8,9.91,0.02,Boot,Boot,88"
2026-06-05T10:24:28Z,"1,TELEMETRY,26,6.50,BOOT,BOOT,0.00,0.00,0.00,0,0,0,0,101325.00,24.80,11.40,6,35.333100,-117.803000,0.00,8,9.88,0.01,Boot,Boot$84"
2026-06-05T10:24:29Z,"1,TELEMETRY,27,6.75,BOOT,BOOT,0.00,0.00,0.00,0,0,0,0,101325.00,24.80,11.40,6,35.3331`0,-117.803000,0.00,8,9.87,0.02,Boot,Boot,94"
2026-06-05T10:24:29Z,"1,TELEMETRY,28,7.00,BOOT,BOOT,0.00,0.00,0.00,0,0,0,0,101325.00,24.80,11.40,7,35.333100,-117.803000,0.00,8,9.75,0.02,Boot,Boot,94"
2026-06-05T10:24:29Z,"1,TELEMETRY,29,7.25,BOOT,BOOT,0.00,0.00,0.00,0,0,0,0,101325.00,24.80,11.40,7,35.333100,-117.803000,0.00,8,9.89,0.02,Boot,Boot,91"
2026-06-05T10:24:30Z,"1,TELEMETRY,30,7.50,BOOT,BOOT,0.00,0.00,0.00,0,0,0,101325.00,24.80,11.40,7,35.333100,-117.803000,0.00,8,9.91,0.02,Boot,Boot,88"
2026-06-05T10:24:30Z,"1,TELEMETRY,31,7.75,BOOT,BOOT,0.00,0.00,0.00,0,0,0,0,101325.00,24.80,11.40,7,35.333100,-117.803000,0.00,8,9.77,0.03,Boot,Boot,87"
2026-06-05T10:24:30Z,"1,TELEMETRY,32,8.00,BOOT,BOOT,0.00,0.00,0.00,0,0,0,0,101325.00,24.80,11.40,8,35.333100,-117.803000,0.00,8,9.72,0.03,Boot,Boot,83"
2026-06-05T10:24:30Z,"1,TELEMETRY,33,8.25,BOOT,BOOT,0.00,0.00,0.00,0,0,0,0,101325.00,24.80,11.40,8,35.333100,-117.803000,0.00,8,9.91,0.03,Boot,Boot,88"
2026-06-05T10:24:31Z,"1,TELEMETRY,34,8.50,BOOT,BOOT,0.00,0.00,0.00,0,0,0,0,101325.00,24.80,11.40,8,35.333100,-117.803000,0.00,8,9.78,0.02,Boot,Boot,91"
2026-06-05T10:24:31Z,"1,TELEMETRY,35,8.75,BOOT,BOOT,0.00,0.00,0.00,0,0,0,0,101325.00,24.80,11.40,8,35.333100,-117.803000,0.00,8,9.76,0.02,Boot,Boot,83"
2026-06-05T10:24:31Z,"1,TELEMETRY,36,9.00,BOOT,BOOT,0.00,0.00,0.00,0,0,0,0,101325.00,24.80,11.40,9,35.333100,-117.803000,0.00,8,9.84,0.01,Boot,Boot,92"
2026-06-05T10:24:32Z,"1,TELEMETRY,37,9.25,BOOT,BOOT,0.00,0.00,0.00,0,0,0,0,101325.00,24.80,11.40,9,35.333100,-117.803000,0.00,8,9.82,0.03,Boot,Boot,94"
2026-06-05T10:24:32Z,"1,TELEMETRY,38,9.50,BOOT,BOOT,0.00,0.00,0.00,0,0,0,0,101325.00,24.80,11.40,9,35.333100,-117.803000,0.00,8,9.90,0.01,Boot,Boot,82"
2026-06-05T10:24:32Z,"1,TELEMETRY,39,9.75,BOOT,BOOT,0.00,0.00,0.00,1,0,0,0,101325.00,24.80,11.40,9,35.333100,-117.803000,0.00,8,9.78,0.02,Boot,Boot,80"
2026-06-05T10:24:32Z,"1,TELEMETRY,40,10.00,BOOT,BOOT,0.00,0.00,0.00,1,0,0,0,101325.00,24.80,11.40,10,35.333100,-117.803000,0.00,8,9.84,0.01,Boot,Boot,92"
2026-06-05T10:24:32Z,"1,TELEMETRY,41,10.25,BOOT,BOOT,0.00,0.00,0.00,1,0,0,0,101325.00,24.80,11.40,10,35.333100,-117.803000,0.00,8,9.75,0.01,Boot,Boot,84"
2026-06-05T10:24:33Z,"#,TELEMETRY,42,10.50,BOOT,BOOT,0.00,0.00,0.00,1,0,0,0,101325.00,24.80,11.40,10,35.333100,-117.803000,0.00,8,9.87,0.02,Boot,Boot,91"
2026-06-05T10:24:33Z,"1,TELEMETRY,43,10.75,BOOT,BOOT,0.00,0.00,0.00,1,0,0,0,101325.00,24.80,11.40,10,35.333100,-117.803000,0.00,8,9.88,0.02,Boot,Boot,82"
2026-06-05T10:24:33Z,"1,TELEMETRY,44,11.00,BOOT,BOOT,0.00,0.00,0.00,1,0,0,0,101325.00,24.80,11.40,11,35.333100,-117.803000,0.00,8,9.75,0.01,Boot,Boot,86"
2026-06-05T10:24:33Z,"1,TELEMETRY,45,11.25,BOOT,BOOT,0.00,0.00,0.00,1,0,0,0,101325.00,24.80,11.40,11,35.333100,-117.803000,0.00,8,9.84,0.02,Boot,Boot,93"
2026-06-05T10:24:34Z,"1,TELEMETRY,46,11.50,BOOT,BOOT,0.00,0.00,0.00,1,0,0,0,101325.00,24.80,11.40,11,35.333100,-117.803000,0.00,8,9.74,0.03,Boot,Boot,82"
2026-06-05T10:24:34Z,"1,TELEMETRY,47,11.75,BOOT,BOOT,0.00,0.00,0.00,1,0,0,0,101325.00,24.80,11.40,11,35.333100,-117.803000,0.00,8,9.86,0.03,Boot,Boot,89"
2026-06-05T10:24:34Z,"1,TELEMETRY,48,12.00,BOOT,BOOT,0.00,0.00,0.00,1,0,0,0,101325.00,24.80,11.40,12,35.333100,-117.803000,0.00,8,9.77,0.03,Boot,Boot,90"
2026-06-05T10:24:34Z,"1,TELEMETRY,49,12.25,BOOT,BOOT,0.00,0.00,0.00,1,0,0,0,101325.00,24.80,11.40,12,35.333100,-117.803000,0.00,8,9.77,0.02,Boot,Boot,93"
2026-06-05T10:24:35Z,"1,TELEMETRY,50,12.50,BOOT,BOOT,0.00,0.00,0.00,1,0,0,0,101325.00,24.80,11.40,12,35.333100,-117.803000,0.00,8,9.81,0.03,Boot,Boot,95"
2026-06-05T10:24:35Z,!!!CORRUPTED_PAYLOAD!!!
2026-06-05T10:24:35Z,"1,TELEMETRY,52,13.00,ASCENT,ASCENT,6.23,12.44,-0.05,1,0,0,0,101324.25,24.79,11.39,13,35.333102,-117.803002,6.23,8,9.77,0.02,Ascent,Ascent,69"
2026-06-05T10:24:38Z,"1,TELEMETRY,53,13.25,ASCENT,ASCENT,9.31,12.33,-0.05,1,0,0,0,101323.88,24.79,11.38,13,35.333103,-117.803003,9.31,8,9.82,0.01,Ascent,Ascent,75"
2026-06-05T10:24:38Z,"1,TELEMETRY,54,13.50,ASCENT,ASCENT,12.34,12.16,-0.05,1,0,0,0,101323.52,24.79,11.38,13,35.333104,-117.803004,12.34,8,9.82,0.01,Ascent,Ascent,78"
2026-06-05T10:24:38Z,!!!CORRUPTED_PAYLOAD!!!
2026-06-05T10:24:38Z,"1,T0LEMETRY,56,14.00,ASCENT,ASCENT,18.25,11.69,-0.05,1,0,0,0,101322.81,24.78,11.37,14,35.333106,-117.803006,18.25,8,9.74,0.02,Ascent,Ascent,73"
2026-06-05T10:24:39Z,"1,TELEMETRY,57,14.25,ASCENT,ASCENT,21.09,11.38,-0.05,1,0,0,0,101322.47,24.78,11.37,14,35.333107,-117.803007,21.09,8,9.84,0.01,Ascent,Ascent,77"
2026-06-05T10:24:39Z,"1,TELEMETRY,58,14.50,ASCENT,ASCENT,23.84,11.01,-0.05,1,0,0,0,101322.14,24.78,11.36,14,35.333108,-117.803008,23.84,8,9.73,0.03,Ascent,Ascent,71"
2026-06-05T10:24:39Z,"1,TELEMETRY,59,14.75,ASCENT,ASCENT,26.48,10.60,-0.05,1,0,0,0,101321.82,24.77,11.36,14,35.333109,-117.803009,26.48,8,9.79,0.03,Ascent,Ascent,78"
2026-06-05T10:24:39Z,"1,TELEMETRY,60,15.00,ASCENT,ASCENT,29.02,10.14,-0.05,1,0,0,0,101321.52,24.77,11.35,15,35.333110,-117.803010,29.02,8,9.77,0.02,Ascent,Ascent,68"
2026-06-05T10:24:39Z,"1,TELEMETRY,61,15.25,ASCENT,ASCENT,31.42,9.63,-0.05,1,0,0,0,101321.23,24.77,11.35,15,35.333111,-117.803011,31.42,8,9.85,0.02,Ascent,Ascent,113"
2026-06-05T10:24:40Z,"1,TELEMETRY,62,15.50,ASCENT,ASCENT,33.68,9.06,-0.05,1,0,0,0,101320.96,24.77,11.34,15,35.333112,-117.803012,33.68,8,9.76,0.03,Ascent,Ascent,112"
2026-06-05T10:24:40Z,"1,TELEMETRY,63,15.75,ASCENT,ASCENT,35.79,8.45,-0.05,1,0,0,0,101320.71,24.76,11.34,15,35.333113,-117.803013,35.79,8,9.77,0.03,Ascent,Ascent,121"
2026-06-05T10:24:40Z,"1,TELEMETRY,64,16.00,ASCENT,ASCENT,37.73,-0.05,1,0,0,0,101320.47,24.76,11.33,16,35.333114,-117.803014,37.73,8,9.73,0.02,Ascent,Ascent,123"
2026-06-05T10:24:41Z,"1,TELEMETRY,65,16.25,ASCENT,ASCENT,39.50,7.08,-0.05,1,0,0,0,101320.26,24.76,11.33,16,35.333115,-117.803015,39.50,8,9.73,0.03,Ascent,Ascent,125"
2026-06-05T10:24:41Z,"1,TELEMETRY,66,16.50,ASCENT,ASCENT,41.08,6.31,-0.05,1,0,0,0,101320.07,24.76,11.32,16,35.333116,-117.803016,41.08,8,9.88,0.01,Ascent,Ascent,115"
2026-06-05T10:24:41Z,"1,TELEMETRY,67,16.75,ASCENT,ASCENT,42.45,5.50,-0.05,1,0,0,0,101319.91,24.76,11.31,16,35.333117,-117.803017,42.45,8,9.85,0.02,Ascent,Ascent,121"
2026-06-05T10:24:41Z,"1,TELEMETRY,68,17.00,ASCENT,ASCENT,43.60,4.64,-0.05,1,0,0,0,101319.77,24.76,11.31,17,35.333118,-117.803018,43.60,8,9.89,0.02,Ascent,Ascent,118"
2026-06-05T10:24:42Z,"1,TELEMETRY,69,17.25,ASCENT,ASCENT,44.53,3.73,-0.05,1,0,0,0,101319.66,24.76,11.30,17,35.333119,-117.803019,44.53,8,9.91,0.02,Ascent,Ascent,121"
2026-06-05T10:24:42Z,"1,TELEMETRY,70,17.50,ASCENT,ASCENT,45.22,2.76,-0.05,1,0,0,0,101319.57,24.75,11.30,17,35.333120,-117.803020,45.22,8,9.90,0.02,Ascent,Ascent,119"
2026-06-05T10:24:42Z,"1,TELEMETRY,71,17.75,ASCENT,ASCENT,45.65,1.75,-0.05,1,0,0,0,101319.52,24.75,11.29,17,35.333121,-117.803021,45.65,8,9.73,0.01,Ascent,Ascent,114"
2026-06-05T10:24:42Z,"1,TELEMETRY,72,18.00,ASCENT,ASCENT,45.90,1.00,-0.05,1,0,0,0,101319.49,24.75,11.29,18,35.333122,-117.803022,45.90,8,9.92,0.02,Ascent,Ascent,119"
2026-06-05T10:24:43Z,"1,TELEMETRY,7.,18.25,ASCENT,ASCENT,46.15,1.00,-0.05,1,0,0,0,101319.46,24.75,11.29,18,35.333123,-117.803023,46.15,8,9.72,0.01,Ascent,Ascent,115"
2026-06-05T10:24:43Z,"1,TELEMETRY,74,18.50,ASCENT,ASCENT,46.39,1.00,-0.05,1,0,0,0,101319.43,24.75,11.28,18,35.333124,-117.803024,46.39{8,9.86,0.02,Ascent,Ascent,122"
2026-06-05T10:24:43Z,"1,TELEMETRY,75,18.75,ASCENT,ASCENT,46.64,1.00,-0.05,1,0,0,0,101319.40,24.75,11.28,18,35.333125,-117.803025,46.64,8,9.78,0.02,Ascent,Ascent,126"
2026-06-05T10:24:43Z,"1,TELEMETRY,76,19.00,ASCENT,ASCENT,46.89,1.00,-0.05,1,0,0,0,101319.37,24.75,11.27,19,35.333126,-117.803026,46.89,8,9.91,0.02,Ascent,Ascent,119"
2026-06-05T10:24:44Z,"1,TELEMETRY,77,19.25,ASCENT,ASCENT,47.13,1.00,-0.05,1,0,0,0,101319.34,24.75,11.27,19,35.333127,-117.803027,47.13,8,9.85,0.02,Ascent,Ascent,119"
2026-06-05T10:24:44Z,"1,TELEMETRY,78,19.50,ASCENT,ASCENT,47.38,1.00,-0.05,1,0,0,0,101319.31,24.75,11.26,19,35.333128,-117.803028,47.38,8,9.84,0.01,Ascent,Ascent,63"
2026-06-05T10:24:44Z,"1,TELEMETRY,79,19.75,ASCENT,ASCENT,47.63,1.00,-0.05,1,0,0,0,101319.28,24.75,11.26,19,35.333129,-117.803029,47.63,8,9.91,0.02,Ascent,Ascent,117"
2026-06-05T10:24:45Z,"1,TELEMETRY,80,20.00,ASCENT,ASCENT,47.88,1.00,-0.05,1,0,0,0,101319.26,24.75,11.25,20,35.333130,-117.803030,47.88,8,9.86,0.03,Ascent,Ascent,123"
2026-06-05T10:24:45Z,"1,TELEMETRY,81,20.25,ASCENT,ASCENT,48.12,1.00,-0.05,1,0,0,0,101319.23,24.75,11.25,20,35.333131,-117.803031,48.12,8,9.77,0.02,Ascent,Ascent,119"
2026-06-05T10:24:45Z,"1,TELEMETRY,82,20.50,ASCENT,ASCENT,48.37,1.00,-0.05,1,0,0,0,101319.20,24.75,11.24,20,35.333132,-117.803032,48.37,8,9.90,0.02,Ascent,Ascent,125"
2026-06-05T10:24:45Z,"1,TELEMETRY,83,20.75,ASCENT,ASCENT,48.62,1.00,-0.05,1,0,0,0,101319.17,24.75,11.24,20,35.333133,-117.803033,48.62,8,9.85,0.01,Ascent,Ascent,120"
2026-06-05T10:24:46Z,"1,TELEMETRY,84,21.00,ASCENT,ASCENT,48.86,1.00,-0.05,1,0,0,0,101319.14,24.75,11.23,21,35.333134,-117.803034,48.86,8,9.85,0.02,Ascent,Ascent,122"
2026-06-05T10:24:46Z,"1,TELEMETRY,85,21.25,ASCENT,ASCENT,49.11,1.00,-0.05,1,0,0,0,101319.11,24.75,11.22,21,35.333135,-117.803035,49.11,8,9.89,0.01,Ascent,Ascent,119"
2026-06-05T10:24:46Z,"1,TELEMETRY,86,21.50,ASCENT,ASCENT,49.36,1.00,-0.05,1,0,0,0,101319.08,24.75,11.22,21,35.333136,-117.803036,49.36,8,9.76,0.03,Ascent,Ascent,124"
2026-06-05T10:24:46Z,"1,TELEMETRY,87,21.75,ASCENT,ASCENT,49.60,1.00,-0.05,1,0,0,0,101319.05,24.75,11.21,21,35.333137,-117.803037,49.60,8,9.73,0.02,Ascent,Ascent,112"
2026-06-05T10:24:46Z,"1,TELEMETRY,88,22.00,ASCENT,ASCENT,49.85,1.00,-0.05,1,0,0,0,101319.02,24.75,11.21,22,35.333138,-117.803038,49.85,8,9.89,0.01,Ascent,Ascent,124"
2026-06-05T10:24:47Z,"1,TELEMETRY,89,22.25,ASCENT,ASCENT,50.10,1.00,-0.05,1,0,0,0,101318.99,24.75,11.21,22,35.333139,-117.803039,50.10,8,9.90,0.02,Ascent,Ascent,114"
2026-06-05T10:24:47Z,"1,TELEMETRY,90,22.50,ASCENT,ASCENT,50.34,1.00,-0.05,1,0,0,0,101318.96,24.75,11.20,22,35.333140,-117.803040,50.34,8,9.90,0.01,Ascent,Ascent,117"
2026-06-05T10:24:47Z,"1,TELEMETQY,91,22.75,ASCENT,ASCENT,50.59,1.00,-0.05,1,0,0,0,101318.93,24.75,11.20,22,35.333141,-117.803041,50.59,8,9.82,0.03,Ascent,Ascent,119"
2026-06-05T10:24:48Z,"1,TELEMETRY,92,23.00,ASCENT,ASCENT,50.84,1.00,-0.05,1,0,0,0,101318.90,24.75,11.19,23,35.333142,-117.803042,50.84,8,9.77,0.02,Ascent,Ascent,116"
2026-06-05T10:24:48Z,"1,TELEMETRY,93,23.25,ASCENT,ASCENT,51.08,1.00,-0.05,1,0,0,0,101318.87,24.75,11.19,23,35.333143,-117.803043,51.08,8,9.78,0.02,Ascent,Ascent,123"
2026-06-05T10:24:48Z,"1MTELEMETRY,94,23.50,ASCENT,ASCENT,51.33,1.00,-0.05,1,0,0,0,101318.84,24.75,11.18,23,35.333144,-117.803044,51.33,8,9.77,0.01,Ascent,Ascent,112"
2026-06-05T10:24:48Z,"1,TELEMETRY,95,23.75,ASCENT,ASCENT,51.58,1.00,-0.05,1,0,0,0,101318.81,24.75,11.18,23,35.333145,-117.803045,51.58,8,9.82,0.02,Ascent,Ascent,122"
2026-06-05T10:24:48Z,!!!CORRUPTED_PAYLOAD!!!
2026-06-05T10:24:49Z,!!!CORRUPTED_PAYLOAD!!!
2026-06-05T10:24:49Z,"1,TELEMETRY,98,24.50,ASCENT,ASCENT,52.32,1.00,-0.05,1,0,0,101318.72,24.75,11.16,24,35.333148,-117.803048,52.32,8,9.83,0.03,Ascent,Ascent,114"
2026-06-05T10:24:49Z,"1,TELEMETRY,99,24.75,ASCENT,ASCENT,52.57,1.00,-0.05,1,0,0,0,101318.69,24.75,11.16,24,35.333149,-117.803049,52.57,8,9.90,0.01,Ascent,Ascent,105"
2026-06-05T10:24:50Z,"1,TELEMETRY,100,25.00,ASCENT,ASCENT,52.81,1.00,-0.05,1,0,0,0,101318.66,24.75,11.15,25,35.333150,-117.803050,52.81,8,9.80,0.01,Ascent,Ascent,64"
2026-06-05T10:24:50Z,"1,TELEMETRY,101<25.25,ASCENT,ASCENT,53.06,1.00,-0.05,1,0,0,0,101318.63,24.75,11.14,25,35.333151,-117.803051,53.06,8,9.80,0.03,Ascent,Ascent,64"
2026-06-05T10:24:50Z,!!!CORRUPTED_PAYLOAD!!!
2026-06-05T10:24:50Z,"1,TELEMETRY,103,25.75,ASCENT,ASCENT,53.55,1.00,-0.05,1,0,0,0,101318.57,24.75,11.13,25,35.333153,-117.803053,53.55,8,9.82,0.02,Ascent,Ascent,68"
2026-06-05T10:24:50Z,"1,TELEMETRY,104,26.00,ASCENT,ASCENT,53.80,1.00,-0.05,1,0,0,0,101318.54,24.75,11.13,26,35.333154,-117.803054,53.80,8,9.73,0.03,Ascent,Ascent,77"
2026-06-05T10:24:51Z,"1,TELEMETRY,105,26.25,ASCENT,ASCENT,54.05,1.00,-0.05,1,0,0,0,101318.51,24.75,11.12,26,35.333155,-117.803055,54.05,8,9.74,0.01,Ascent,Ascent,74"
2026-06-05T10:24:51Z,"1,TELEMETRY,106,26.50,ASCENT,ASCENT,54.29,1.00,-0.05,1,0,0,0,101318.48,24.75,11.12,26,35.333156,-117.803056,54.29,8,9.81,0.02,Ascent,Ascent,74"
2026-06-05T10:24:51Z,"1,TEL$METRY,107,26.75,ASCENT,ASCENT,54.54,1.00,-0.05,1,0,0,0,101318.46,24.75,11.12,26,35.333157,-117.803057,54.54,8,9.86,0.02,Ascent,Ascent,69"
2026-06-05T10:24:52Z,"1,TELEMETRY,108,27.00,ASCENT,ASCENT,54.79,1.00,-0.05,1,0,0,0,101318.43,24.75,11.11,27,35.333158,-117.803058,54.79,8,9.91,0.02,Ascent,Ascent,72"
2026-06-05T10:24:52Z,"1,TELEMETRY,109,27.25,ASCENT,ASCENT,55.03,1.00,-0.05,1,0,0,0,101318.40,24.74,11.11,27,35.333159,-117.803059,55.03,8,9.78,0.02,Ascent,Ascent,75"
2026-06-05T10:24:52Z,"1,TELEMETRY,110,27.50,ASCENT,ASCENT,55.28,1.00,-0.05,1,0,0,0,101318.37,24.74,11.10,27,35.333160,-117.803060,55.28,8,9.87,0.02,Ascent,Ascent,64"
2026-06-05T10:24:52Z,"1,TELEMETRY,111,27.75,ASCENT,ASCENT,55.53,1.00,-0.05,1,0,0,0,101318.34,24.74,11.10,27,35.333161,-117.803061,55.53,8,9.73,0.01,Ascent,Ascent,77"
2026-06-05T10:24:53Z,"1,TELEMETRY,112,28.00,ASCENT,ASCENT,55.78,1.00,-0.05,1,0,0,0,101318.31,24.74,11.09,28,35.333162,-117.803062,55.78,8,9.75,0.01,Ascent,Ascent,71"
2026-06-05T10:24:53Z,"1,TELEMETRY,113,28.25,ASCENT,ASCENT,56.02,1.00,-0.d5,1,0,0,0,101318.28,24.74,11.09,28,35.333163,-117.803063,56.02,8,9.87,0.03,Ascent,Ascent,70"
2026-06-05T10:24:53Z,"1,TELEMETRY,114,28.50,ASCENT,ASCENT,56.27,1.00,-0.05,1,0,0,0,101318.25,24.74,11.08,28,35.333164,-117.803064,56.27,8,9.74,0.02,Ascent,Ascent,66"
2026-06-05T10:24:53Z,"1,TELEMETRY,115,28.75,ASCENT,ASCENT,56.52,1.00,-0.05,1,0,0,0,101318.22,24.74,11.08,28,35.333165,-117.803065,56.52,8,9.78,0.02,Ascent,Ascent,79"
2026-06-05T10:24:54Z,"1,TELEMETRY,116,29.00,ASCENT,ASCENT,56.76,1.00,-0.05,1,0,0,0,101318.19,24.74,11.07,29,35.333166,-117.803066,56.76,8,9.91,0.02,Ascent,Ascent,78"
2026-06-05T10:24:54Z,"1,TELEMETRY,117,29.25,ASCENT,ASCENT,57.01,1.00,-0.05,1,0,0,0,101318.16,24.74,11.06,29,35.333167,-117.803067,57.01,8,9.91,0.01,Ascent,Ascent,69"
2026-06-05T10:24:54Z,!!!CORRUPTED_PAYLOAD!!!
2026-06-05T10:24:54Z,"1,TELEMETRY,119,29.75,ASCENT,ASCENT,57.50,1.00,-0.05,1,0,0,0,101318.10,24.74,11.05,29,35.333169,-117.803069,57.50,8,9.92,0.01,Ascent,Ascent,72"
2026-06-05T10:24:55Z,"1,TELEMETRY,120,30.00,ASCENT,ASCENT,57.75,1.00,-0.05,1,0,0,0,101318.07,24.74,11.05,30,35.333170,-117.803070,57.75,8,9.90,0.02,Ascent,Ascent,71"
2026-06-05T10:24:57Z,"1,TELEMETRY,121,30.25,ASCENT,ASCENT,58.00,1.00,-0.05,1,0,0,0,101318&04,24.74,11.04,30,35.333171,-117.803071,58.00,8,9.77,0.03,Ascent,Ascent,75"
2026-06-05T10:24:57Z,"1,TELEMETRY,122,30.50,ASCENT,ASCENT,0.25,1.0?,-0.05,1,0,0,0,101324.97,24.80,11.04,30,35.333172,-117.803072,0.25,8,9.84,0.01,Ascent,Ascent,74"
2026-06-05T10:24:57Z,"1,TELEMETRY,123,30.75,ASCENT,ASCENT,0.49,1.00,-0.05,1,0,0,0,101324.94,24.80,11.04,30,35.333173,-117.803073,0.49,8,9.77,0.02,Ascent,Ascent,64"
2026-06-05T10:24:58Z,"1,TELEMETRY,124,31.00,ASCENT,ASCENT,0.74,1.00,-0.05,1,0,0,0,10j324.91,24.80,11.03,31,35.333174,-117.803074,0.74,8,9.83,0.02,Ascent,Ascent,76"
2026-06-05T10:24:58Z,"1,TELEMETRY,125,31.25,ASCENT,ASCENT,0.99,1.00,-0.0x,1,0,0,0,101324.88,24.80,11.03,31,35.333175,-117.803075,0.99,8,9.74,0.03,Ascent,Ascent,75"
2026-06-05T10:24:58Z,"1,TELEMETRY,12d,31.50,ASCENT,ASCENT,1.23,1.00,-0.05,1,0,0,0,101324.85,24.80,11.02,31,35.333176,-117.803076,1.23,8,9.91,0.03,Ascent,Ascent,77"
2026-06-05T10:24:58Z,"1,TELEMETRY,127,31.75,ASCENT,ASCENT,1.48,1.00,-0.05,1,0,0,0,101324.82,24.80,11.02,31,35.333177,-117.803077,1.48,8,9.83,0.03,Ascent,Ascent,79"
2026-06-05T10:24:59Z,"1,TELEMETRY,128,32.00,ASCENT,ASCENT,1.73,1.00,-0.05,1,0,0,0,101324.79,24.80,11.01,32,35.333178,-117.803078,1.73,8,9.81,0.03,Ascent,Ascent,71"
2026-06-05T10:24:59Z,"1,TELEMETRY,129,32.25,ASCENT,ASCENT,1.98,1.00,-0.05,1,0,0,0,101324.76,24.80,11.01,32,35.333179,-117.803079,1.98,8,9.74,0.02,Ascent,Ascent,69"
2026-06-05T10:24:59Z,"1,TELEMETRY,130,32.50,ASCENT,ASCENT,2.22,1.00,-0.05,1,0,0,0,101324.73,24.80,11.00,32,35.333180,-117.803080,2.22,8,9.73,0.02,Ascent,Ascent,76"
2026-06-05T10:24:59Z,"1,TELEMETRY,131,32.75,ASCENT,ASCENT,2.47,1.00,-0.05,1,0,0,0,101324.70,24.80,11.00,32,35.333181,-117.803081,2.47,8,9.88,0.01,Ascent,Ascent,78"
2026-06-05T10:25:00Z,"1,TELEMETRY,132,33.00,ASCENT,ASCENT,2.72,1.00,-0.05,1,0,0,0,101324.67,24.80,10.99,33,35.333182,-117.803082,2.72,8,9.77,0.02,Ascent,Ascent,75"
2026-06-05T10:25:00Z,"1,TELEMETRY,133,33.25,ASCENT,ASCENT,2.96,1.00,-0.05,1,0,0,0,101324.64,24.80,10.98,33,35.333183,-117.803083,2.96,8,9.89,0.01,Ascent,Ascent,77"
2026-06-05T10:25:00Z,"1,TELEMETRY,134,33.50,ASCENT,ASCENT,3.21,1.00,-0.05,1,0,0,0,101324.61,24.80,10.98,33,35.333184,-117.803084,3.21,8,9.77,0.02,Ascent,Ascent,79"
2026-06-05T10:25:01Z,"1,TELEMETRY,135,33.75,ASCENT,ASCENT,3.46,1.00,-0.05,1,0,0,0,101324.59,24.80,10.97,33,35.333185,-117.803085,3.46,8,9.78,0.02,Ascent,Ascent,66"
2026-06-05T10:25:01Z,"1,TELEMETRY,136,34.00,ASCENT,ASCENT,3.70,1.00,-0.05,1,0,0,0,101324.56,24.80,10.97,34,35.333186,-117.803086,3.70,8,9.80,0.02,Ascent,Ascent,75"
2026-06-05T10:25:01Z,"1,TELEMETRY,137,34.25,ASCENT,ASCENT,3.95,1.00,-0.05,1,0,0,0,101324.53,24.80,10.96,34,35.333187,-117.803087,3.95,8,9.90,0.03,Ascent,Ascent,73"
2026-06-05T10:25:01Z,"1,TELEMETRY,138,34.50,ASCENT,ASCENT,4.20,1.00I-0.05,1,0,0,0,101324.50,24.80,10.96,34,35.333188,-117.803088,4.20,8,9.73,0.02,Ascent,Ascent,75"
2026-06-05T10:25:01Z,"1,TELEMETRY,139,34.75,ASCENT,ASCENT,4.44,1.00,-0.05,1,0,0,0,101324.47,24.80,10.96,34,35.333189,-117.803089,4.44,8,9.90,0.01,Ascent,Ascent,69"
2026-06-05T10:25:02Z,"1,TELEMETRY,140,35.00,ASCENT,ASCENT,4.69,1.00,-0.05,1,0,0,0,101324.44,24.80,10.95,35,35.333190,-117.803090,4.69,8,9.87,0.02,Ascent,Ascent,76"
2026-06-05T10:25:02Z,"1,TELEMETRY,141,35.25,ASCENT,ASCENT,4.94,1.00,-0.05,1,0,0,0,101324.41,24.80,10.95,35,35.333191,-117.803091,4.94,8,9.75,0.03,Ascent,Ascent,67"
2026-06-05T10:25:02Z,"1,TELEiETRY,142,35.50,ASCENT,ASCENT,5.18,1.00,-0.05,1,0,0,0,101324.38,24.79,10.94,35,35.333192,-117.803092,5.18,8,9.84,0.01,Ascent,Ascent,71"
2026-06-05T10:25:03Z,"1,TELEMETRY,143,35.75,ASCENT,ASCENT,5.43,1.00,-0.05,1,0,0,0,101324.35,24.79,10.94,35,35.333193,-117.803093,5.43,8,9.86,0.01,Ascent,Ascent,78"
2026-06-05T10:25:03Z,"1,TELEMETRY,144,36.00,ASCENT,ASCENT,5.68,1.00,-0.05,1,0,0,0,101324.32,24.79,10.93,36,35.333194,-117.803094,5.68,8,9.81,0.02,Ascent,Ascent,79"
2026-06-05T10:25:03Z,"1,TELEMETRY,145,36.25,ASCENT,ASCENT,5.93,1.00,-0.05,1,0,0,0,101324.29,24.79,10.93,36,35.333195,-117.803095,5.93,8,9.78,0.02,Ascent,Ascent,69"
2026-06-05T10:25:03Z,"1,TELEMETRY,146,36.50,ASCENT,ASCENT,6.17,1.00,-0.05,1,0,0,0,101324.26,24.79,10.92,36,35.333196,-117.803096,6.17,8,9.74,0.02,Ascent,Ascent,70"
2026-06-05T10:25:03Z,!!!CORRUPTED_PAYLOAD!!!
2026-06-05T10:25:04Z,"1,TELEMETRY,148,37.00,ASCENT,ASCENT,6.67,1.00,-0.05,1,0,0,0,101324.20,24.79,10.91,37,35.333198,-117.803098,6.67,8,9.76,0.01,Ascent,Ascent,73"
2026-06-05T10:25:04Z,"1,TELEMETRY,149,37.25,ASCENT,ASCENT,6.91,1.00,-0.05,1,0,0,0,101324.17,24.79,10.91,37,35.333199,-117.803099,6.91,8,9.72,0.01,Ascent,Ascent,79"
2026-06-05T10:25:04Z,"1,TELEMETRY,150,37.50,ASCENT,ASCENT,7.16,1.00,-0.05,1,0,0,0,101324.14,24.79,10.90,37,35.333200,-117.803100,7.16,8,9.80,0.03,Ascent,Ascent,74"
2026-06-05T10:25:05Z,"1,TELEMETRY,151,37.75,ASCENT,ASCENT,7.41,1.00,-0.05,1,0,0,0,101324.11,24.79,10.89,37,35.333201,-117.803101,7.41,8,9.86,0.02,Ascent,Ascent,70"
2026-06-05T10:25:05Z,"1,TELEMETRY,152,38.00,ASCENT,ASCENT,7.65,1.00,-0.05,1,0,0,0,101324.08,24.79,10.89,38,35.333202,-117.803102,7.65,8,9.80,0.01,Ascent,Ascent,74"
2026-06-05T10:25:05Z,"1,TELEMETRY,153,38.25,ASCENT4ASCENT,7.90,1.00,-0.05,1,0,0,0,101324.05,24.79,10.88,38,35.333203,-117.803103,7.90,8,9.84,0.03,Ascent,Ascent,70"
2026-06-05T10:25:05Z,"1,TELEMETRY,154,38.50,ASCENT,ASCENT,8.15,1.00,-0.05,1,0,0,0,101324.02,24.79,10.88,38,35.333204,-117.803104,8.15,8,9.85,0.03,Ascent,Ascent,69"
2026-06-05T10:25:06Z,"1,TELEMETRY,155,38.75,ASCENT,ASCENT,8.39,1.00,-0.05,1,0,0,0,101323.99,24.79,10.88,38,35.333205,-117.803105,8.39,8,9.72,0.01,Ascent,AsHent,76"
2026-06-05T10:25:06Z,"1,TELEMETRY,156,39.00,ASCENT,ASCENT,8.64,1.00,-0.05,1,0,0,0,101323.96,24.79,10.87,39,35.333206,-117.803106,8.64,8,9.90,0.03,Ascent,Ascent,196"
2026-06-05T10:25:06Z,"1,TELEMETRY,157,39.25,ASCENT,ASCENT,8.89,1.00,-0.05,1,0,0,0,101323.93,24.79,10.87,39,35.333207,-117.8/3107,8.89,8,9.83,0.03,Ascent,Ascent,66"
2026-06-05T10:25:06Z,"1,TELEMETRY,158,39.50,ASCENT,ASCENT,9.13,1.00,-0.05,1,0,0,0,101323.90,24.79,10.86,39,35.333208,-117.803108,9.13,8,9.92,0.03,Ascent,Ascent,77"
2026-06-05T10:25:07Z,"1,TELEMETRY,159,39.75,ASCENT,ASCENT,9.38,1.00,-0.05,1,0,0,0,101323.87,24.79,10.86,39,35.333209,-117.803109,9.38,8,9.79,0.02,Ascent,Ascent,73"
2026-06-05T10:25:07Z,"1,TELEMETRY,160,40.00,ASCENT,ASCENT,9.63,1.00,-0.05,1,0,0,0,101323.84,24.79,10.85,40,35.333210,-117.803110,9.63,8,9.76,0.02,Ascent,Ascent,78"
2026-06-05T10:25:07Z,"1,TELEMETRY,161,40.25,ASCENT,ASCENT,9.88,1.00,-0.05,1,0,0,0,101323.82,24.79,10.85,40,35.333211,-117.803111,9.88,8,9.80,0.02,Ascent,Ascent,71"
2026-06-05T10:25:08Z,"1,TELEMETRY,162,40.50,ASCENT,ASCENT,10.12,1.00,-0.05,1,0,0,0,101323.79,24.79,10.84,40,35.333212,-117.803112,10.12,8,9.85,0.01,Ascent,Ascent,69"
2026-06-05T10:25:08Z,"1,TELEMETRY,163,40.75,ASCENT,ASCENT,10.37,1.00,-0.05,1,0,0,0,101323.76,24.79,10.84,40,35.333213,-117.803113,10.37,8,9.88,0.02,Ascent,Ascent,58"
2026-06-05T10:25:08Z,"1,TELEMETRY,164,41.00,ASCENT,ASCENT,10.62,1.00,-0.05,1,0,0,0,101323.73,24.79,10.83,41,35.333214,-117.803114,10.62,8,9.73,0.01,Ascent,Ascent,66"
2026-06-05T10:25:08Z,"1,TELEMETRY,165,ASCENT,ASCENT,10.86,1.00,-0.05,1,0,0,0,101323.70,24.79,10.83,41,35.333215,-117.803115,10.86,8,9.78,0.03,Ascent,Ascent,78"
2026-06-05T10:25:08Z,"1,TELEMETRY,166,41.50,ASCENT,ASCENT,11.11,1.00,-0.05,1,0,0,0,101323.67,24.79,10.82,41,35.333216,-117.803116,11.11,8,9.81,0.02,Ascent,Ascent,79"
2026-06-05T10:25:09Z,!!!CORRUPTED_PAYLOAD!!!
2026-06-05T10:25:09Z,"1,TELEMETRY,168,42.00,ASCENT,ASCENT,11.60,1.00,-0.05,1,0,0,0,101323.61,24.79,10.81,42,35.333218,-117.803118,11.60,8,9.80,0.02,Ascent,Ascent,99"
2026-06-05T10:25:09Z,"1,TELEMETRY,169,42.25,ASCENT,ASCENT,11.85,1.00,-0.05,0,0,0,0,101323.58,24.79,10.80,42,35.333219,-117.803119,11.85,8,9.90,0.02,Ascent,Ascent,77"
2026-06-05T10:25:10Z,"1,TELEMETRY,170,42.50,ASCENT,ASCENT,12.10,1.00,-0.05,0,0,0,0,101323.55,24.79,10.80,42,35.333220,-117.803120,12.10,8,9.77,0.01,Ascent,Ascent,64"
2026-06-05T10:25:10Z,"1,TELEMETRY,171,42.75,ASCENT,ASCENT,12.34,1.00,-0.05,0,0,0,0,101323.52,24.79,10.79,42,35.333221,-117.803121,12.34,8,9.86,0.02,Ascent,Ascent,74"
2026-06-05T10:25:10Z,!!!CORRUPTED_PAYLOAD!!!
2026-06-05T10:25:10Z,"1,TELEMETRY,173,43.25,ASCENT,ASCENT,12.84,1.00,-0.05,0,0,0,0,101323.46,24.79,10.79,43,35.333223,-117.803123,12.84,8,9.84,0.02,Ascent,Ascent,40"
2026-06-05T10:25:10Z,!!!CORRUPTED_PAYLOAD!!!
2026-06-05T10:25:11Z,"1,TELEMETRY,175,43.75,ASCENT,ASCENT,13.33,1.00,-0.05,0,0,0,0,101323.40,24.79,10.78,43,35.333225,-117.803125,13.33,8,9.80,0.02,Ascent,Ascent,74"
2026-06-05T10:25:11Z,"1,TELEMETRY,176,44.00,ASCENT,ASCENT,13.58,1.00,-0.05,0,0,0,0,101323.37,24.79,10.77,44,35.333226,-117.803126,13.58,8,9.86,0.03,Ascent,Ascent,67"
2026-06-05T10:25:11Z,"1,TELEMETRY,177,44.25,ASCENT,ASCENT,13.83,1.00,-0.05,0,0,0,0,101323.34,24.79,10.77,44,35.333227,-117.803127,13.83,8,9.91,0.02,Ascent,Ascent,65"
2026-06-05T10:25:12Z,"1,TELEMETRY,178,44.50,ASCENT,ASCENT,14.07,1.00,-0.05,0,0,0,0,101323.31,24.79,10.76,44,35.333228,-117.803128,14.07,8,9.78,0.03,Ascent,Ascent,78"
2026-06-05T10:25:12Z,"1,TELEMETRY,179,44.75,ASCENT,ASCENT,14.32,1.00,-0.05,0,0,0,0,101323.28,24.79,10.76,44,35.333229,-117.803129,14.32,8,9.76,0.02,Ascent,Ascent,79"
2026-06-05T10:25:12Z,"1,TELEMETRY,180,45.00,ASCENT,ASCENT,14.57,1.00,-0.05,0,0,0,0,101323.25,24.79,10.75,45,35.333230,-117.803130,14.57,8,9.81,0.02,Ascent,Ascent,77"
2026-06-05T10:25:12Z,"1,TELEMETRY,181,45.25,ASCENT,ASCENT,14.81,1.00,-0.05,0,0,0,0,101323.22,24.79,10.75,45,35.333231,-117.803131,14.81,8,9.84,0.03,Ascent,Ascent,72"
2026-06-05T10:25:13Z,"1,TELEMETRY,182,45.50,ASCENT,ASCENT,15.06,1.00,-0.05,0,0,0,0,101323.19,24.78,10.74,45,35.333232,-117.803132,15.06,8,9.73,0.03,Ascent,Ascent,73"
2026-06-05T10:25:13Z,"1,TELEMETRY,183,45.75,ASCENT,ASCENT,15.31,1.00,-0.05,0,0,0,0,101323.16,24.78,10.73,45,35.333233,-117.803133,15.31,8,9.83,0.02,Ascent,Ascent,36"
2026-06-05T10:25:13Z,"1,TELEMETRY,184,46.00,ASCENT,ASCENT,15.55,1.00,-0.05,0,0,0,0,101323.13,24.78,10.73,46,35.333234,-117.803134,15.55,8,9.77,0.01,Ascent,Ascent,65"
2026-06-05T10:25:13Z,"1,TELEMETRY,185,46.25,ASCENT,ASCENT,15.80,1.00,-0.05,0,0,0,0,101323.10,24.78,10.72,46,35.333235,-117.803135,15.80,8,9.82,0.01,Ascent,Ascent,161"
2026-06-05T10:25:14Z,"1,TELEMETRY,186,46.50,ASCENT,ASCENT,16.05,1.00,-0.05,0,0,0,0,101323.07,24.78,10.72,46,35.333236,-117.803136,16.05,8,9.83,0.02,Ascent,Ascent,60"
2026-06-05T10:25:14Z,"1,TELEMETRY,1?7,46.75,ASCENT,ASCENT,16.29,1.00,-0.05,0,0,0,0,101323.04,24.78,10.71,46,35.333237,-117.803137,16.29,8,9.83,0.03,Ascent,Ascent,77"
2026-06-05T10:25:14Z,"1,TELEMETRY,188,47.00,ASCENT,ASCENT,16.54,1.00,-0.05,0,0,0,0,101323.02,24.78,10.71,47,35.333238,-117.803138,16.54,8,9.76,0.02,Ascent,Ascent,77"
2026-06-05T10:25:14Z,"1,TELEMETRY,189,47.25,ASCENT,ASCENT,16.79,1.00,-0.05,0,0,0,0,101322.99,24.78,10.71,47,35.333239,-117.803139,16.79,8,9.89,0.02,Ascent,Ascent,72"
2026-06-05T10:25:15Z,"1,TELEMETRY,190,47.50,ASCENT,ASCENT,17.03,1.00,-0.05,0,0,0,0,101322.96,24.78,10.70,47,35.333240,-117.803140,17.03,8,9.77,0.02,Ascent,Ascent,77"
2026-06-05T10:25:15Z,"1,T7LEMETRY,191,47.75,ASCENT,ASCENT,17.28,1.00,-0.05,0,0,0,0,101322.93,24.78,10.70,47,35.333241,-117.803141,17.28,8,9.85,0.01,Ascent,Ascent,64"
2026-06-05T10:25:15Z,"1,TELEMETRY,192,48.00,ASCENT,ASCENT,17.53,1.00,-0.05,0,0,0,0,101322.90,24.78,10.69,48,35.333242,-117.803142,17.53,8,9.83,0.02,Ascent,Ascent,79"
2026-06-05T10:25:15Z,"1,TELEMETRY,193,48.25,ASCENT,ASCENT,17.78,1.00,-0.05,0,0,0,0,101322.87,24.78,10.69,48,35.333243,-117.803143,17.78,8,9.79,0.01,Ascent,Ascent,73"
2026-06-05T10:25:16Z,!!!CORRUPTED_PAYLOAD!!!
2026-06-05T10:25:16Z,"1,TELEMETRY,195,48.75,ASCENT,ASCENT,18.27,1.00,-0.05,0,0,0,0,101322.81,24.78,10.68,48,35.333245,-117.803145,18.27,8,9.82,0.03,Ascent,Ascent,75"
2026-06-05T10:25:16Z,"1,TELEMETRY,196,49.00,ASCENT,ASCENT,18.52,1.00,-0.05,0,0,0,0,101322.78,24.78,10.67,49,35.333246,-117.803146,18.52,8,9.81,0.01,Ascent,Ascent,66"
